id,issue_id,event_type,created_at,actor,label_name,assignee_name,comment_author,comment_body
MDExOkNsb3NlZEV2ZW50MzQ4MjUwMTk0Mw==,644378237,closed,2020-06-25T13:53:10.000000,ritchie46,,,,
REFE_lADOD7gq784maG59zwAAAAIR2drE,644378237,referenced,2023-03-30T16:08:49.000000,xendai66,,,,
REFE_lADOD7gq784maG59zwAAAAIR2dtP,644378237,referenced,2023-03-30T16:08:50.000000,xendai66,,,,
REFE_lADOD7gq784maG59zwAAAAIR2dx2,644378237,referenced,2023-03-30T16:08:52.000000,xendai66,,,,
MDExOkNsb3NlZEV2ZW50MzQ4MjUwMzY3Nw==,644376383,closed,2020-06-25T13:53:31.000000,ritchie46,,,,
REFE_lADOD7gq784maGc_zwAAAAIR2dpF,644376383,referenced,2023-03-30T16:08:49.000000,xendai66,,,,
REFE_lADOD7gq784maGc_zwAAAAIR2dpd,644376383,referenced,2023-03-30T16:08:49.000000,xendai66,,,,
REFE_lADOD7gq784maGc_zwAAAAIR2dr6,644376383,referenced,2023-03-30T16:08:50.000000,xendai66,,,,
REFE_lADOD7gq784maGc_zwAAAAIR2dt9,644376383,referenced,2023-03-30T16:08:50.000000,xendai66,,,,
REFE_lADOD7gq784maGc_zwAAAAJCxLqe,644376383,referenced,2023-07-03T14:40:49.000000,cmdlineluser,,,,
MDExOkNsb3NlZEV2ZW50MzQ4ODc0MzQzOA==,644376935,closed,2020-06-27T07:20:15.000000,ritchie46,,,,
MDEyOklzc3VlQ29tbWVudDY1MDUxMzU5Nw==,644376935,commented,2020-06-27T07:21:21.000000,ritchie46,,,,
REFE_lADOD7gq784maGlnzwAAAAIR2dqU,644376935,referenced,2023-03-30T16:08:49.000000,xendai66,,,,
REFE_lADOD7gq784maGlnzwAAAAIR2dsw,644376935,referenced,2023-03-30T16:08:50.000000,xendai66,,,,
REFE_lADOD7gq784maGlnzwAAAAIR2duV,644376935,referenced,2023-03-30T16:08:50.000000,xendai66,,,,
MDExOkNsb3NlZEV2ZW50MzQ5MDAxOTg0NQ==,644377587,closed,2020-06-28T08:24:48.000000,ritchie46,,,,
REFE_lADOD7gq784maGvzzwAAAAIR2dqp,644377587,referenced,2023-03-30T16:08:49.000000,xendai66,,,,
MDEyOklzc3VlQ29tbWVudDY1MTAyNTkyMA==,646897141,commented,2020-06-29T08:52:06.000000,ritchie46,,,,
MDExOkNsb3NlZEV2ZW50MzQ5MTk0OTI1Mg==,646897141,closed,2020-06-29T08:52:06.000000,ritchie46,,,,
MDExOkNsb3NlZEV2ZW50MzQ5Mjg5NDY5Mg==,647236504,closed,2020-06-29T14:04:12.000000,ritchie46,,,,
MDE1OlJlZmVyZW5jZWRFdmVudDM0OTI5ODczMzA=,647236504,referenced,2020-06-29T14:23:53.000000,ritchie46,,,,
MDE1OlJlZmVyZW5jZWRFdmVudDM1MjQxMjU0NjE=,647236504,referenced,2020-07-08T08:42:10.000000,ritchie46,,,,
REFE_lADOD7gq784mlAuYzwAAAAIR2dvq,647236504,referenced,2023-03-30T16:08:51.000000,xendai66,,,,
MDExOkNsb3NlZEV2ZW50MzQ5NDMyNDUzMQ==,644376664,closed,2020-06-29T20:08:43.000000,ritchie46,,,,
MDE1OlJlZmVyZW5jZWRFdmVudDM1MjQxMjU0Njk=,644376664,referenced,2020-07-08T08:42:10.000000,ritchie46,,,,
REFE_lADOD7gq784maGhYzwAAAAIR2dp5,644376664,referenced,2023-03-30T16:08:49.000000,xendai66,,,,
REFE_lADOD7gq784maGhYzwAAAAIR2dsb,644376664,referenced,2023-03-30T16:08:50.000000,xendai66,,,,
REFE_lADOD7gq784maGhYzwAAAAQ14qW9,644376664,referenced,2025-06-10T23:05:29.000000,florian-klein,,,,
MDExOkNsb3NlZEV2ZW50MzUwNjg1NzI4NQ==,647235227,closed,2020-07-02T12:26:20.000000,ritchie46,,,,
MDE1OlJlZmVyZW5jZWRFdmVudDM1MjQxMjU0Nzc=,647235227,referenced,2020-07-08T08:42:10.000000,ritchie46,,,,
REFE_lADOD7gq784mlAabzwAAAAIR2dvb,647235227,referenced,2023-03-30T16:08:51.000000,xendai66,,,,
MDExOkNsb3NlZEV2ZW50MzUwNzIzMzg4NA==,644380061,closed,2020-07-02T13:56:45.000000,ritchie46,,,,
MDE1OlJlZmVyZW5jZWRFdmVudDM1MjQxMjU0ODM=,644380061,referenced,2020-07-08T08:42:10.000000,ritchie46,,,,
REFE_lADOD7gq784maHWdzwAAAAIR2drf,644380061,referenced,2023-03-30T16:08:50.000000,xendai66,,,,
REFE_lADOD7gq784maHWdzwAAAAIR2dvB,644380061,referenced,2023-03-30T16:08:51.000000,xendai66,,,,
MDEyOklzc3VlQ29tbWVudDY1MzYzNjc2NA==,647235373,commented,2020-07-03T17:57:11.000000,ritchie46,,,,
MDExOkNsb3NlZEV2ZW50MzUxMTcyNzc2Ng==,647235373,closed,2020-07-03T17:57:11.000000,ritchie46,,,,
MDEyOklzc3VlQ29tbWVudDY1MzYzODQwMw==,650716695,commented,2020-07-03T18:02:27.000000,ritchie46,,,,
MDExOkNsb3NlZEV2ZW50MzUxMTc3OTM2NA==,650716695,closed,2020-07-03T18:29:26.000000,ritchie46,,,,
MDE1OlJlZmVyZW5jZWRFdmVudDM1MTI2OTAwODA=,650716695,referenced,2020-07-04T16:43:22.000000,ritchie46,,,,
MDE1OlJlZmVyZW5jZWRFdmVudDM1MjQxMjU0OTA=,650716695,referenced,2020-07-08T08:42:10.000000,ritchie46,,,,
REFE_lADOD7gq784mySYXzwAAAAIR2dwQ,650716695,referenced,2023-03-30T16:08:51.000000,xendai66,,,,
MDE1OlJlZmVyZW5jZWRFdmVudDM1MTMxMTc2MDA=,647632598,referenced,2020-07-05T08:09:21.000000,ritchie46,,,,
MDE1OlJlZmVyZW5jZWRFdmVudDM1MTMxODA4NTg=,647632598,referenced,2020-07-05T09:48:57.000000,ritchie46,,,,
MDExOkNsb3NlZEV2ZW50MzUxMzE4MDg2MQ==,647632598,closed,2020-07-05T09:48:57.000000,ritchie46,,,,
MDE1OlJlZmVyZW5jZWRFdmVudDM1MjQxMjU0OTc=,647632598,referenced,2020-07-08T08:42:10.000000,ritchie46,,,,
MDE1OlJlZmVyZW5jZWRFdmVudDM1MjQxMjU1MDY=,647632598,referenced,2020-07-08T08:42:10.000000,ritchie46,,,,
REFE_lADOD7gq784mmhbWzwAAAAIR2dv9,647632598,referenced,2023-03-30T16:08:51.000000,xendai66,,,,
MDEyOklzc3VlQ29tbWVudDY1Mzg2NjYyMA==,651024299,commented,2020-07-05T09:49:41.000000,ritchie46,,,,
MDExOkNsb3NlZEV2ZW50MzUxNjUzMDA2MQ==,651024299,closed,2020-07-06T15:37:33.000000,ritchie46,,,,
MDE1OlJlZmVyZW5jZWRFdmVudDM1MjQxMjU1MTI=,651024299,referenced,2020-07-08T08:42:10.000000,ritchie46,,,,
REFE_lADOD7gq784mzderzwAAAAIR2dxT,651024299,referenced,2023-03-30T16:08:52.000000,xendai66,,,,
MDEyOklzc3VlQ29tbWVudDY1NTU2MzgxNA==,651785945,commented,2020-07-08T14:43:07.000000,ritchie46,,,,
MDExOkNsb3NlZEV2ZW50MzUyNTU3ODkzNQ==,651785945,closed,2020-07-08T14:43:10.000000,ritchie46,,,,
MDEzOlJlb3BlbmVkRXZlbnQzNTI1NTc5NDgw,651785945,reopened,2020-07-08T14:43:16.000000,ritchie46,,,,
MDExOkNsb3NlZEV2ZW50MzUyNTU4MDU4Mg==,651785945,closed,2020-07-08T14:43:30.000000,ritchie46,,,,
REFE_lADOD7gq784m2XbZzwAAAAIR2dyc,651785945,referenced,2023-03-30T16:08:52.000000,xendai66,,,,
MDExOkNsb3NlZEV2ZW50MzUzMzg1MjA0Nw==,654092065,closed,2020-07-10T13:16:54.000000,ritchie46,,,,
REFE_lADOD7gq784m_KchzwAAAAIR2dyy,654092065,referenced,2023-03-30T16:08:52.000000,xendai66,,,,
MDEyOklzc3VlQ29tbWVudDY1NjY3MjcyOA==,651785040,commented,2020-07-10T13:19:01.000000,ritchie46,,,,
MDExOkNsb3NlZEV2ZW50MzUzMzg1OTkyMQ==,651785040,closed,2020-07-10T13:19:01.000000,ritchie46,,,,
REFE_lADOD7gq784m2XNQzwAAAAIR2dxl,651785040,referenced,2023-03-30T16:08:52.000000,xendai66,,,,
MDEyOklzc3VlQ29tbWVudDY1ODgwMTcxNg==,657215018,commented,2020-07-15T14:28:03.000000,ritchie46,,,,
MDExOkNsb3NlZEV2ZW50MzU0OTY0NzMxMg==,657215018,closed,2020-07-15T17:49:54.000000,ritchie46,,,,
REFE_lADOD7gq784nLE4qzwAAAAIR2dzd,657215018,referenced,2023-03-30T16:08:53.000000,xendai66,,,,
MDEyOklzc3VlQ29tbWVudDY1OTE4NTQ0NA==,657257820,commented,2020-07-16T06:21:17.000000,ritchie46,,,,
MDExOkNsb3NlZEV2ZW50MzU1MTU0Nzk5OA==,657257820,closed,2020-07-16T06:21:17.000000,ritchie46,,,,
REFE_lADOD7gq784nLPVczwAAAAIR2dzJ,657257820,referenced,2023-03-30T16:08:53.000000,xendai66,,,,
MDExOkNsb3NlZEV2ZW50MzU1ODA4MTA3Mw==,659173285,closed,2020-07-17T13:14:11.000000,ritchie46,,,,
MDExOkNsb3NlZEV2ZW50MzU2OTI0ODAzMA==,659247926,closed,2020-07-21T05:39:14.000000,ritchie46,,,,
REFE_lADOD7gq784nS1M2zwAAAAIR2dz0,659247926,referenced,2023-03-30T16:08:53.000000,xendai66,,,,
MDEyOklzc3VlQ29tbWVudDY2NTU0OTMyOQ==,646896635,commented,2020-07-29T09:25:01.000000,ritchie46,,,,
MDExOkNsb3NlZEV2ZW50MzU5ODEzOTI3Ng==,646896635,closed,2020-07-29T09:25:01.000000,ritchie46,,,,
REFE_lADOD7gq784mjtv7zwAAAAIR2dtk,646896635,referenced,2023-03-30T16:08:50.000000,xendai66,,,,
REFE_lADOD7gq784mjtv7zwAAAAIR2dum,646896635,referenced,2023-03-30T16:08:51.000000,xendai66,,,,
MDEyOklzc3VlQ29tbWVudDY2NTYzNjYzMA==,658976633,commented,2020-07-29T12:33:10.000000,ritchie46,,,,
MDExOkNsb3NlZEV2ZW50MzU5ODgyNjQ4MQ==,658976633,closed,2020-07-29T12:33:10.000000,ritchie46,,,,
MDExOkNsb3NlZEV2ZW50MzU5OTAyMTU0Ng==,657174519,closed,2020-07-29T13:22:09.000000,ritchie46,,,,
MDEyOklzc3VlQ29tbWVudDY1ODY1MTU3Mw==,656670632,commented,2020-07-15T09:17:05.000000,ritchie46,,,,
MDEyOklzc3VlQ29tbWVudDY1OTIwMzczNQ==,656670632,commented,2020-07-16T07:06:14.000000,ritchie46,,,,
MDEyOkxhYmVsZWRFdmVudDM1NTE2ODc3OTE=,656670632,labeled,2020-07-16T07:06:50.000000,ritchie46,,,,
MDEyOklzc3VlQ29tbWVudDY1OTU2NTQ0NQ==,656670632,commented,2020-07-16T17:40:50.000000,ritchie46,,,,
MDEyOkxhYmVsZWRFdmVudDM1NjY1ODYxNjQ=,656670632,labeled,2020-07-20T15:56:16.000000,ritchie46,,,,
MDExOkNsb3NlZEV2ZW50MzU5OTAyMTUzNA==,656670632,closed,2020-07-29T13:22:09.000000,ritchie46,,,,
REFE_lADOD7gq784nI_-ozwAAAAIR2d0Y,656670632,referenced,2023-03-30T16:08:53.000000,xendai66,,,,
MDExOkNsb3NlZEV2ZW50MzYwMzY4NjE0NA==,668002115,closed,2020-07-30T12:53:24.000000,ritchie46,,,,
REFE_lADOD7gq784n0OdDzwAAAAIR2d07,668002115,referenced,2023-03-30T16:08:53.000000,xendai66,,,,
MDEyOklzc3VlQ29tbWVudDY2NjM0Njk3NQ==,647633639,commented,2020-07-30T12:55:19.000000,ritchie46,,,,
MDExOkNsb3NlZEV2ZW50MzYwMzY5NDYyOQ==,647633639,closed,2020-07-30T12:55:19.000000,ritchie46,,,,
MDExOkNsb3NlZEV2ZW50MzYxMjA4MjYxNQ==,670945820,closed,2020-08-01T15:51:48.000000,ritchie46,,,,
MDE1OlJlZmVyZW5jZWRFdmVudDM2MTMxMzg2ODA=,670945820,referenced,2020-08-02T08:05:10.000000,ritchie46,,,,
REFE_lADOD7gq784n_dIczwAAAAIR2d2D,670945820,referenced,2023-03-30T16:08:54.000000,xendai66,,,,
MDExOkNsb3NlZEV2ZW50MzYxMzEzODg4Mg==,670084695,closed,2020-08-02T08:05:24.000000,ritchie46,,,,
MDE1Ok1pbGVzdG9uZWRFdmVudDM2MTQ1Mzg0Njc=,670084695,milestoned,2020-08-03T07:04:39.000000,ritchie46,,,,
REFE_lADOD7gq784n8K5XzwAAAAIR2d1d,670084695,referenced,2023-03-30T16:08:54.000000,xendai66,,,,
MDEyOklzc3VlQ29tbWVudDY2Nzg1MDAwNw==,661958715,commented,2020-08-03T07:13:44.000000,ritchie46,,,,
MDExOkNsb3NlZEV2ZW50MzYxNDU3MTk5OA==,661958715,closed,2020-08-03T07:13:44.000000,ritchie46,,,,
MDE1Ok1pbGVzdG9uZWRFdmVudDM2MTU0MzAxODc=,671994886,milestoned,2020-08-03T11:04:37.000000,ritchie46,,,,
MDExOkNsb3NlZEV2ZW50MzYxNjY3OTM2MA==,671994886,closed,2020-08-03T16:27:25.000000,ritchie46,,,,
MDE1OlJlZmVyZW5jZWRFdmVudDM2MTk4MjcxODU=,671994886,referenced,2020-08-04T11:36:35.000000,ritchie46,,,,
REFE_lADOD7gq784oDdQGzwAAAAIR2d2b,671994886,referenced,2023-03-30T16:08:54.000000,xendai66,,,,
MDExOkNsb3NlZEV2ZW50MzYyNDM4MDcyMQ==,668481922,closed,2020-08-05T12:11:52.000000,ritchie46,,,,
MDE1Ok1pbGVzdG9uZWRFdmVudDM2MjQ2ODY4MzA=,668481922,milestoned,2020-08-05T13:30:50.000000,ritchie46,,,,
MDExOkNsb3NlZEV2ZW50MzYyODEyODUyNQ==,674045848,closed,2020-08-06T09:07:31.000000,ritchie46,,,,
MDE1OlJlZmVyZW5jZWRFdmVudDM2MjgyMjUxNTU=,674045848,referenced,2020-08-06T09:33:41.000000,ritchie46,,,,
REFE_lADOD7gq784oLR-YzwAAAAIR2d3t,674045848,referenced,2023-03-30T16:08:55.000000,xendai66,,,,
MDExOkNsb3NlZEV2ZW50MzYzMjUxNzkwMA==,674156616,closed,2020-08-07T09:35:39.000000,ritchie46,,,,
MDE1Ok1pbGVzdG9uZWRFdmVudDM2MzM0NTYxODk=,674156616,milestoned,2020-08-07T14:22:23.000000,ritchie46,,,,
MDExOkNsb3NlZEV2ZW50MzYzNjQ3MDI1MQ==,675436596,closed,2020-08-09T13:37:03.000000,ritchie46,,,,
MDEyOklzc3VlQ29tbWVudDY3MTA1MzE5OA==,675436596,commented,2020-08-09T13:37:45.000000,ritchie46,,,,
MDEyOklzc3VlQ29tbWVudDY2NzU2NTE3MA==,669893768,commented,2020-08-01T17:46:32.000000,ritchie46,,,,
MDEyOklzc3VlQ29tbWVudDY2NzU4NjMxOA==,669893768,commented,2020-08-01T20:58:53.000000,ghuls,,,,
MDEyOklzc3VlQ29tbWVudDY3MTA4ODcwOQ==,669893768,commented,2020-08-09T18:59:28.000000,ritchie46,,,,
MDExOkNsb3NlZEV2ZW50MzYzNjY5Nzc4MA==,669893768,closed,2020-08-09T18:59:28.000000,ritchie46,,,,
REFE_lADOD7gq784n7cSIzwAAAAIR2d1L,669893768,referenced,2023-03-30T16:08:53.000000,xendai66,,,,
MDE1Ok1pbGVzdG9uZWRFdmVudDM2MzY3MDg3MjY=,675755636,milestoned,2020-08-09T19:15:54.000000,ritchie46,,,,
MDExOkNsb3NlZEV2ZW50MzYzNjcwODc3Ng==,675755636,closed,2020-08-09T19:15:57.000000,ritchie46,,,,
MDExOkNsb3NlZEV2ZW50MzY0Njc1ODA2Mw==,650724532,closed,2020-08-12T09:12:28.000000,ritchie46,,,,
REFE_lADOD7gq784myUS0zwAAAAIR2dwj,650724532,referenced,2023-03-30T16:08:51.000000,xendai66,,,,
MDE3OlJlbmFtZWRUaXRsZUV2ZW50MzY1OTA1NDA3MQ==,679349373,renamed,2020-08-16T06:01:55.000000,ritchie46,,,,
MDExOkNsb3NlZEV2ZW50MzY2MjQ0MDIwMw==,679349373,closed,2020-08-17T15:35:28.000000,ritchie46,,,,
MDE1Ok1pbGVzdG9uZWRFdmVudDM2NjI0NDQxNTQ=,679349373,milestoned,2020-08-17T15:36:23.000000,ritchie46,,,,
MDExOkNsb3NlZEV2ZW50MzY2MjQ0NzA4Nw==,668821024,closed,2020-08-17T15:37:07.000000,ritchie46,,,,
MDEyOklzc3VlQ29tbWVudDY3NDk1MzkxMQ==,668821024,commented,2020-08-17T15:37:30.000000,ritchie46,,,,
MDEyOklzc3VlQ29tbWVudDY3MzM0MTg5Nw==,675701176,commented,2020-08-13T08:32:14.000000,ritchie46,,,,
MDExOkNsb3NlZEV2ZW50MzY4MTc5Mjg1Ng==,675701176,closed,2020-08-22T07:35:25.000000,ritchie46,,,,
REFE_lADOD7gq784oRmG4zwAAAAIR2d41,675701176,referenced,2023-03-30T16:08:55.000000,xendai66,,,,
MDEyOklzc3VlQ29tbWVudDY3NjQ3MTM4MA==,681899021,commented,2020-08-19T14:45:32.000000,ritchie46,,,,
MDExOkNsb3NlZEV2ZW50MzY4MjA1NjA4Mw==,681899021,closed,2020-08-22T14:27:37.000000,ritchie46,,,,
REFE_lADOD7gq784opPQNzwAAAAIR2d6I,681899021,referenced,2023-03-30T16:08:56.000000,xendai66,,,,
MDE1Ok1pbGVzdG9uZWRFdmVudDM2ODAxMTUwMjE=,682749477,milestoned,2020-08-21T15:32:29.000000,ritchie46,,,,
MDEyOklzc3VlQ29tbWVudDY3ODM1MzI1Mg==,682749477,commented,2020-08-21T15:32:31.000000,ritchie46,,,,
MDExOkNsb3NlZEV2ZW50MzY4MjA1NzQzNg==,682749477,closed,2020-08-22T14:29:08.000000,ritchie46,,,,
REFE_lADOD7gq784ose4lzwAAAAIR2d7J,682749477,referenced,2023-03-30T16:08:56.000000,xendai66,,,,
MDExOkNsb3NlZEV2ZW50MzY4MjcyODExOA==,681897435,closed,2020-08-23T10:59:32.000000,ritchie46,,,,
REFE_lADOD7gq784opO3bzwAAAAIR2d5x,681897435,referenced,2023-03-30T16:08:55.000000,xendai66,,,,
MDEyOklzc3VlQ29tbWVudDY4MTkwNjQ5Mw==,687136114,commented,2020-08-27T12:06:19.000000,ritchie46,,,,
MDExOkNsb3NlZEV2ZW50MzY5OTMwOTAwNw==,687136114,closed,2020-08-27T12:06:19.000000,ritchie46,,,,
MDEyOklzc3VlQ29tbWVudDY4MzM4MjU3Nw==,688663911,commented,2020-08-30T06:32:16.000000,ritchie46,,,,
MDEyOklzc3VlQ29tbWVudDY4Mzc0OTU5MQ==,688663911,commented,2020-08-31T12:31:53.000000,ritchie46,,,,
MDExOkNsb3NlZEV2ZW50MzcwOTY1MzYyOQ==,688663911,closed,2020-08-31T12:31:55.000000,ritchie46,,,,
REFE_lADOD7gq784pDC1nzwAAAAIR2d8H,688663911,referenced,2023-03-30T16:08:56.000000,xendai66,,,,
MDE1OlJlZmVyZW5jZWRFdmVudDM3MTkxMzAzNjQ=,688142172,referenced,2020-09-02T11:04:48.000000,ritchie46,,,,
MDExOkNsb3NlZEV2ZW50MzcxOTEzNTQzOQ==,688142172,closed,2020-09-02T11:06:18.000000,ritchie46,,,,
REFE_lADOD7gq784pBDdczwAAAAIR2d7r,688142172,referenced,2023-03-30T16:08:56.000000,xendai66,,,,
MDExOkNsb3NlZEV2ZW50MzcyODU2NDk3Ng==,686979269,closed,2020-09-04T08:21:11.000000,ritchie46,,,,
MDEyOklzc3VlQ29tbWVudDY4Nzc1MjY3Mg==,694157031,commented,2020-09-06T10:39:28.000000,ritchie46,,,,
MDExOkNsb3NlZEV2ZW50MzczMzgxMjQ1Mg==,694157031,closed,2020-09-06T10:39:28.000000,ritchie46,,,,
MDE3OlJlbmFtZWRUaXRsZUV2ZW50MzYyODEzMDE4Ng==,673567790,renamed,2020-08-06T09:08:01.000000,ritchie46,,,,
MDEyOklzc3VlQ29tbWVudDY4Nzc1MjcyOQ==,673567790,commented,2020-09-06T10:40:05.000000,ritchie46,,,,
MDExOkNsb3NlZEV2ZW50MzczMzgxMjg2Mw==,673567790,closed,2020-09-06T10:40:05.000000,ritchie46,,,,
REFE_lADOD7gq784oJdQuzwAAAAIR2d26,673567790,referenced,2023-03-30T16:08:54.000000,xendai66,,,,
MDE3OlJlbmFtZWRUaXRsZUV2ZW50Mzc0OTczMjYyMw==,697619167,renamed,2020-09-10T08:37:57.000000,zirconium-n,,,,
MDEyOklzc3VlQ29tbWVudDY5MDU4NzE2Mw==,697619167,commented,2020-09-10T18:03:36.000000,ritchie46,,,,
MDExOkNsb3NlZEV2ZW50Mzc1NDQ4NDExMA==,697619167,closed,2020-09-11T06:05:07.000000,ritchie46,,,,
REFE_lADOD7gq784plNLfzwAAAAIR2d9g,697619167,referenced,2023-03-30T16:08:57.000000,xendai66,,,,
MDExOkNsb3NlZEV2ZW50Mzc1NTg2NTg3OA==,693190080,closed,2020-09-11T12:06:09.000000,ritchie46,,,,
REFE_lADOD7gq784pUT3AzwAAAAIR2d83,693190080,referenced,2023-03-30T16:08:57.000000,xendai66,,,,
MDEyOklzc3VlQ29tbWVudDY5MDg5ODY4NA==,698802846,commented,2020-09-11T06:14:15.000000,ritchie46,,,,
MDEyOklzc3VlQ29tbWVudDY5MTA2MDg1Mw==,698802846,commented,2020-09-11T12:20:59.000000,alippai,,,,
MDExOkNsb3NlZEV2ZW50Mzc1OTEwNTYwNw==,698802846,closed,2020-09-12T09:04:26.000000,ritchie46,,,,
MDEyOklzc3VlQ29tbWVudDY5MTUyNjAxOA==,698802846,commented,2020-09-12T18:12:49.000000,ritchie46,,,,
MDE1OlJlZmVyZW5jZWRFdmVudDM3NTk2MjIxNzU=,698802846,referenced,2020-09-12T18:20:21.000000,ritchie46,,,,
REFE_lADOD7gq784ppuKezwAAAAIR2d9-,698802846,referenced,2023-03-30T16:08:57.000000,xendai66,,,,
REFE_lADOD7gq784ppuKezwAAAAIR2d-O,698802846,referenced,2023-03-30T16:08:57.000000,xendai66,,,,
REFE_lADOD7gq784ppuKezwAAAAIR2d--,698802846,referenced,2023-03-30T16:08:58.000000,xendai66,,,,
MDE1OlJlZmVyZW5jZWRFdmVudDM2MTIwODI2MDg=,670093849,referenced,2020-08-01T15:51:48.000000,ritchie46,,,,
MDE1OlJlZmVyZW5jZWRFdmVudDM2MTMxMzg2Nzk=,670093849,referenced,2020-08-02T08:05:10.000000,ritchie46,,,,
MDE1OlJlZmVyZW5jZWRFdmVudDM3NjgwODAzNTg=,670093849,referenced,2020-09-15T12:28:23.000000,ritchie46,,,,
MDEyOklzc3VlQ29tbWVudDY5MjY4Mzk2NQ==,670093849,commented,2020-09-15T12:32:27.000000,ritchie46,,,,
MDEyOkxhYmVsZWRFdmVudDM3NjgwOTkxODg=,670093849,labeled,2020-09-15T12:33:07.000000,ritchie46,,,,
MDE1OlJlZmVyZW5jZWRFdmVudDM3Njg4MDU2MTA=,670093849,referenced,2020-09-15T14:55:48.000000,ritchie46,,,,
MDEyOklzc3VlQ29tbWVudDY5Mjc3NDQ1Mw==,670093849,commented,2020-09-15T15:01:05.000000,ritchie46,,,,
MDE1OlJlZmVyZW5jZWRFdmVudDM3Njk5MTA5NjE=,670093849,referenced,2020-09-15T19:11:40.000000,ritchie46,,,,
MDEyOklzc3VlQ29tbWVudDY5MzIzMDE1Mw==,670093849,commented,2020-09-16T07:33:56.000000,ritchie46,,,,
MDE1OlJlZmVyZW5jZWRFdmVudDM3NzE3ODIzOTU=,670093849,referenced,2020-09-16T07:34:25.000000,ritchie46,,,,
MDE0OlVubGFiZWxlZEV2ZW50Mzc3NzU4MzM1OQ==,670093849,unlabeled,2020-09-17T11:58:07.000000,ritchie46,,,,
MDEyOkxhYmVsZWRFdmVudDM3Nzc1ODMzNjE=,670093849,labeled,2020-09-17T11:58:07.000000,ritchie46,,,,
MDEyOklzc3VlQ29tbWVudDY5NTEwMDY4Mw==,670093849,commented,2020-09-18T21:46:45.000000,yan-zaretskiy,,,,
MDEyOklzc3VlQ29tbWVudDY5NTE5MTU0Mg==,670093849,commented,2020-09-19T09:40:34.000000,ritchie46,,,,
MDExOkNsb3NlZEV2ZW50Mzc4NTk0ODE3OA==,670093849,closed,2020-09-20T09:26:08.000000,ritchie46,,,,
MDE1OlJlZmVyZW5jZWRFdmVudDM4MzY4ODI1Mzc=,670093849,referenced,2020-10-03T19:12:55.000000,ritchie46,,,,
REFE_lADOD7gq784n8NIZzwAAAAMDLFAQ,670093849,referenced,2024-05-26T20:39:37.000000,stinodego,,,,
MDEyOklzc3VlQ29tbWVudDY5NTc1MTQxNw==,661960119,commented,2020-09-20T06:29:41.000000,ritchie46,,,,
MDE3OlJlbmFtZWRUaXRsZUV2ZW50Mzc4NTg2MDc5OA==,661960119,renamed,2020-09-20T06:29:51.000000,ritchie46,,,,
MDEyOkxhYmVsZWRFdmVudDM3ODU4NjA4Njg=,661960119,labeled,2020-09-20T06:29:59.000000,ritchie46,,,,
MDExOkNsb3NlZEV2ZW50Mzc4NTk0ODE4MQ==,661960119,closed,2020-09-20T09:26:09.000000,ritchie46,,,,
MDE1OlJlZmVyZW5jZWRFdmVudDM4MzY4ODI1Mzg=,661960119,referenced,2020-10-03T19:12:56.000000,ritchie46,,,,
REFE_lADOD7gq784ndLW3zwAAAAIR2d0p,661960119,referenced,2023-03-30T16:08:53.000000,xendai66,,,,
REFE_lADOD7gq784ndLW3zwAAAAMDLFAX,661960119,referenced,2024-05-26T20:39:38.000000,stinodego,,,,
MDEyOkxhYmVsZWRFdmVudDM3ODU4NTg2Mjg=,705054879,labeled,2020-09-20T06:24:53.000000,ritchie46,,,,
MDExOkNsb3NlZEV2ZW50Mzc4NzIyMjc1Nw==,705054879,closed,2020-09-21T07:14:18.000000,ritchie46,,,,
MDE1OlJlZmVyZW5jZWRFdmVudDM4MzY4ODI1Mzk=,705054879,referenced,2020-10-03T19:12:56.000000,ritchie46,,,,
REFE_lADOD7gq784qBkifzwAAAAMDLFAb,705054879,referenced,2024-05-26T20:39:38.000000,stinodego,,,,
MDExOkNsb3NlZEV2ZW50Mzc4NzgwMDYxNA==,705068989,closed,2020-09-21T09:46:38.000000,ritchie46,,,,
MDE1OlJlZmVyZW5jZWRFdmVudDM4MzY4ODI1NDA=,705068989,referenced,2020-10-03T19:12:56.000000,ritchie46,,,,
REFE_lADOD7gq784qBn-9zwAAAAIR2eAB,705068989,referenced,2023-03-30T16:08:58.000000,xendai66,,,,
REFE_lADOD7gq784qBn-9zwAAAAMDLFAg,705068989,referenced,2024-05-26T20:39:38.000000,stinodego,,,,
MDE3OlJlbmFtZWRUaXRsZUV2ZW50Mzc3NzMxNDUzNQ==,703311626,renamed,2020-09-17T10:45:27.000000,YuRiTan,,,,
MDEyOklzc3VlQ29tbWVudDY5NDE1MTk0OQ==,703311626,commented,2020-09-17T10:47:20.000000,YuRiTan,,,,
MDEyOkxhYmVsZWRFdmVudDM3Nzc1ODIxMTI=,703311626,labeled,2020-09-17T11:57:46.000000,ritchie46,,,,
MDEyOkxhYmVsZWRFdmVudDM3Nzc1ODIxMTg=,703311626,labeled,2020-09-17T11:57:46.000000,ritchie46,,,,
MDE3OlJlbmFtZWRUaXRsZUV2ZW50Mzc5NDI5NDE5NQ==,703311626,renamed,2020-09-22T17:02:21.000000,ritchie46,,,,
MDExOkNsb3NlZEV2ZW50Mzc5NzgyMDU1NQ==,703311626,closed,2020-09-23T12:24:36.000000,ritchie46,,,,
MDE1OlJlZmVyZW5jZWRFdmVudDM4MzY4ODI1NDU=,703311626,referenced,2020-10-03T19:12:56.000000,ritchie46,,,,
REFE_lADOD7gq784p668KzwAAAAIR2d_R,703311626,referenced,2023-03-30T16:08:58.000000,xendai66,,,,
REFE_lADOD7gq784p668KzwAAAAMDLFAr,703311626,referenced,2024-05-26T20:39:38.000000,stinodego,,,,
MDExOkNsb3NlZEV2ZW50Mzc5ODcxNjQxMQ==,706205989,closed,2020-09-23T15:25:08.000000,YuRiTan,,,,
REFE_lADOD7gq784qF9klzwAAAAIR2eAN,706205989,referenced,2023-03-30T16:08:58.000000,xendai66,,,,
MDE3OlJlbmFtZWRUaXRsZUV2ZW50MzYyNzUxOTc2OQ==,673580784,renamed,2020-08-06T06:06:09.000000,ritchie46,,,,
MDE3OlJlbmFtZWRUaXRsZUV2ZW50Mzc3NjI5NzU2OQ==,673580784,renamed,2020-09-17T06:34:43.000000,YuRiTan,,,,
MDEyOklzc3VlQ29tbWVudDY5Mzk3NDY5MA==,673580784,commented,2020-09-17T06:36:01.000000,YuRiTan,,,,
MDEyOklzc3VlQ29tbWVudDY5NTc1MDk3NA==,673580784,commented,2020-09-20T06:22:59.000000,ritchie46,,,,
MDE1OlJlZmVyZW5jZWRFdmVudDM3ODg5Njg2ODE=,673580784,referenced,2020-09-21T14:27:38.000000,ritchie46,,,,
MDE1OlJlZmVyZW5jZWRFdmVudDM3ODkyODg5ODU=,673580784,referenced,2020-09-21T15:30:37.000000,ritchie46,,,,
MDE1OlJlZmVyZW5jZWRFdmVudDM3OTI4Mzc1MzM=,673580784,referenced,2020-09-22T11:44:51.000000,ritchie46,,,,
MDE1OlJlZmVyZW5jZWRFdmVudDM3OTI4Mzc1MzU=,673580784,referenced,2020-09-22T11:44:51.000000,ritchie46,,,,
MDEyOklzc3VlQ29tbWVudDY5NzIxMTIwMg==,673580784,commented,2020-09-23T08:19:24.000000,koaning,,,,
MDEyOklzc3VlQ29tbWVudDY5NzIzMjg5NA==,673580784,commented,2020-09-23T09:00:49.000000,ritchie46,,,,
MDEyOklzc3VlQ29tbWVudDY5NzIzNTkwNg==,673580784,commented,2020-09-23T09:06:25.000000,koaning,,,,
MDEyOklzc3VlQ29tbWVudDY5NzI1NTMzMg==,673580784,commented,2020-09-23T09:44:04.000000,ritchie46,,,,
MDE1OlJlZmVyZW5jZWRFdmVudDM3OTc4MjA1NDE=,673580784,referenced,2020-09-23T12:24:35.000000,ritchie46,,,,
MDE1OlJlZmVyZW5jZWRFdmVudDM3OTgwNjk0MjA=,673580784,referenced,2020-09-23T13:17:54.000000,ritchie46,,,,
MDE1OlJlZmVyZW5jZWRFdmVudDM3OTg0ODk2MzM=,673580784,referenced,2020-09-23T14:41:26.000000,ritchie46,,,,
MDExOkNsb3NlZEV2ZW50MzgwMzg1NDc0MA==,673580784,closed,2020-09-24T15:34:33.000000,ritchie46,,,,
MDE1OlJlZmVyZW5jZWRFdmVudDM4MzY4ODI1NDE=,673580784,referenced,2020-10-03T19:12:56.000000,ritchie46,,,,
MDE1OlJlZmVyZW5jZWRFdmVudDM4MzY4ODI1NDI=,673580784,referenced,2020-10-03T19:12:56.000000,ritchie46,,,,
MDE1OlJlZmVyZW5jZWRFdmVudDM4MzY4ODI1NDM=,673580784,referenced,2020-10-03T19:12:56.000000,ritchie46,,,,
MDE1OlJlZmVyZW5jZWRFdmVudDM4MzY4ODI1NDQ=,673580784,referenced,2020-10-03T19:12:56.000000,ritchie46,,,,
MDE1OlJlZmVyZW5jZWRFdmVudDM4MzY4ODI1NDY=,673580784,referenced,2020-10-03T19:12:56.000000,ritchie46,,,,
MDE1OlJlZmVyZW5jZWRFdmVudDM4MzY4ODI1NDc=,673580784,referenced,2020-10-03T19:12:56.000000,ritchie46,,,,
REFE_lADOD7gq784oJgbwzwAAAAIR2d3W,673580784,referenced,2023-03-30T16:08:54.000000,xendai66,,,,
MDEyOkxhYmVsZWRFdmVudDM3OTg5ODE3ODY=,707506165,labeled,2020-09-23T16:21:21.000000,ritchie46,,,,
MDExOkNsb3NlZEV2ZW50MzgwMzg2MTQ0Nw==,707506165,closed,2020-09-24T15:36:04.000000,ritchie46,,,,
MDE1OlJlZmVyZW5jZWRFdmVudDM4MzY4ODI1NTE=,707506165,referenced,2020-10-03T19:12:56.000000,ritchie46,,,,
REFE_lADOD7gq784qK6_1zwAAAAMDLFQo,707506165,referenced,2024-05-26T20:39:56.000000,stinodego,,,,
MDEyOkxhYmVsZWRFdmVudDM3OTg3OTM1NzM=,707476530,labeled,2020-09-23T15:41:06.000000,ritchie46,,,,
MDEyOklzc3VlQ29tbWVudDY5ODc1MTE3Nw==,707476530,commented,2020-09-25T06:37:41.000000,ritchie46,,,,
MDExOkNsb3NlZEV2ZW50MzgwNjIzMTA0Mg==,707476530,closed,2020-09-25T06:37:41.000000,ritchie46,,,,
MDEyOkxhYmVsZWRFdmVudDM3ODU4NTg4MTM=,686979340,labeled,2020-09-20T06:25:16.000000,ritchie46,,,,
MDEyOklzc3VlQ29tbWVudDY5OTExNTc2OA==,686979340,commented,2020-09-25T19:34:11.000000,ritchie46,,,,
MDExOkNsb3NlZEV2ZW50MzgwOTExNDQ2NQ==,686979340,closed,2020-09-25T19:34:11.000000,ritchie46,,,,
REFE_lADOD7gq784o8nkMzwAAAAIR2d9I,686979340,referenced,2023-03-30T16:08:57.000000,xendai66,,,,
MDEyOkxhYmVsZWRFdmVudDM3ODU4NjAzMDg=,705055276,labeled,2020-09-20T06:28:42.000000,ritchie46,,,,
MDEyOkxhYmVsZWRFdmVudDM3ODU4NjAzMDk=,705055276,labeled,2020-09-20T06:28:42.000000,ritchie46,,,,
MDEyOklzc3VlQ29tbWVudDY5OTQ1MDAzNA==,705055276,commented,2020-09-26T07:35:27.000000,ritchie46,,,,
MDExOkNsb3NlZEV2ZW50MzgxMDM3Mjk0OQ==,705055276,closed,2020-09-26T07:35:28.000000,ritchie46,,,,
MDE3OlJlbmFtZWRUaXRsZUV2ZW50MzgwOTExNzUyMg==,709230754,renamed,2020-09-25T19:35:13.000000,ritchie46,,,,
MDEyOkxhYmVsZWRFdmVudDM4MTAyNTY4MTI=,709230754,labeled,2020-09-26T06:29:55.000000,ritchie46,,,,
MDExOkNsb3NlZEV2ZW50MzgxMDQyNTQxMA==,709230754,closed,2020-09-26T08:40:27.000000,ritchie46,,,,
MDE1OlJlZmVyZW5jZWRFdmVudDM4MTA0NjM1NDg=,709230754,referenced,2020-09-26T09:02:09.000000,ritchie46,,,,
MDE1OlJlZmVyZW5jZWRFdmVudDM4MzY4ODI1NTQ=,709230754,referenced,2020-10-03T19:12:56.000000,ritchie46,,,,
REFE_lADOD7gq784qRgCizwAAAAIR2eA5,709230754,referenced,2023-03-30T16:08:58.000000,xendai66,,,,
MDEyOklzc3VlQ29tbWVudDcwMDk0OTM5MA==,711306572,commented,2020-09-29T19:51:44.000000,ritchie46,,,,
MDExOkNsb3NlZEV2ZW50MzgyMTQxMDMzNw==,711306572,closed,2020-09-29T19:51:44.000000,ritchie46,,,,
REFE_lADOD7gq784qZa1MzwAAAAIR2eBb,711306572,referenced,2023-03-30T16:08:59.000000,xendai66,,,,
MDE1OlJlZmVyZW5jZWRFdmVudDM4MjkxNzIwMDE=,711403588,referenced,2020-10-01T12:22:22.000000,ritchie46,,,,
MDE1OlJlZmVyZW5jZWRFdmVudDM4MjkxNzIwMDg=,711403588,referenced,2020-10-01T12:22:22.000000,ritchie46,,,,
MDEyOklzc3VlQ29tbWVudDcwMjI4Mjg3MA==,711403588,commented,2020-10-01T17:24:10.000000,ritchie46,,,,
MDExOkNsb3NlZEV2ZW50MzgzMDYzMTU0Ng==,711403588,closed,2020-10-01T17:24:10.000000,ritchie46,,,,
MDE1OlJlZmVyZW5jZWRFdmVudDM4MzY4ODI1NTk=,711403588,referenced,2020-10-03T19:12:56.000000,ritchie46,,,,
MDE1OlJlZmVyZW5jZWRFdmVudDM4MzY4ODI1NjA=,711403588,referenced,2020-10-03T19:12:56.000000,ritchie46,,,,
REFE_lADOD7gq784qZyhEzwAAAAIR2eBw,711403588,referenced,2023-03-30T16:08:59.000000,xendai66,,,,
MDE1OlJlZmVyZW5jZWRFdmVudDM4MjkxNzIwMTI=,711403436,referenced,2020-10-01T12:22:22.000000,ritchie46,,,,
MDEyOklzc3VlQ29tbWVudDcwMjI4MzA5NQ==,711403436,commented,2020-10-01T17:24:36.000000,ritchie46,,,,
MDExOkNsb3NlZEV2ZW50MzgzMDYzMzc3MA==,711403436,closed,2020-10-01T17:24:36.000000,ritchie46,,,,
MDE1OlJlZmVyZW5jZWRFdmVudDM4MzY4ODI1NjI=,711403436,referenced,2020-10-03T19:12:56.000000,ritchie46,,,,
MDExOkNsb3NlZEV2ZW50MzgzNjg4MjU2Nw==,714105644,closed,2020-10-03T19:12:57.000000,ritchie46,,,,
MDEyOklzc3VlQ29tbWVudDcwMzAzMTY0OQ==,713981248,commented,2020-10-03T02:19:09.000000,TheDan64,,,,
MDE3OlJlbmFtZWRUaXRsZUV2ZW50MzgzNjEyOTYwMQ==,713981248,renamed,2020-10-03T02:20:27.000000,TheDan64,,,,
MDEyOklzc3VlQ29tbWVudDcwMzEwMTExOQ==,713981248,commented,2020-10-03T13:08:46.000000,ritchie46,,,,
MDEyOklzc3VlQ29tbWVudDcwMzE1Mzk0OQ==,713981248,commented,2020-10-03T19:30:40.000000,ritchie46,,,,
MDExOkNsb3NlZEV2ZW50MzgzNjg5NjE0NQ==,713981248,closed,2020-10-03T19:30:40.000000,ritchie46,,,,
MDEyOklzc3VlQ29tbWVudDcwMzE1NDc0NQ==,713981248,commented,2020-10-03T19:37:33.000000,TheDan64,,,,
MDEyOklzc3VlQ29tbWVudDcwMzMwNjg4NA==,714100647,commented,2020-10-04T19:51:40.000000,ritchie46,,,,
MDE1OlJlZmVyZW5jZWRFdmVudDM4Mzc4OTQxNTM=,714100647,referenced,2020-10-04T19:52:19.000000,ritchie46,,,,
MDE1OlJlZmVyZW5jZWRFdmVudDM4MzkzNjYyODg=,714100647,referenced,2020-10-05T09:06:21.000000,ritchie46,,,,
MDE1OlJlZmVyZW5jZWRFdmVudDM4MzkzNjYyOTg=,714100647,referenced,2020-10-05T09:06:21.000000,ritchie46,,,,
MDExOkNsb3NlZEV2ZW50MzgzOTM2NjMyOQ==,714100647,closed,2020-10-05T09:06:21.000000,ritchie46,,,,
MDExOkNsb3NlZEV2ZW50Mzg0MTAzODUwMg==,713425289,closed,2020-10-05T15:19:28.000000,ritchie46,,,,
MDE1OlJlZmVyZW5jZWRFdmVudDM4NDYwODA4ODA=,713425289,referenced,2020-10-06T15:24:03.000000,ritchie46,,,,
MDExOkNsb3NlZEV2ZW50Mzg0NjA4MDkwMw==,713426396,closed,2020-10-06T15:24:04.000000,ritchie46,,,,
MDExOkNsb3NlZEV2ZW50Mzg0NzM4ODQ3Mw==,715781793,closed,2020-10-06T20:16:45.000000,ritchie46,,,,
MDExOkNsb3NlZEV2ZW50Mzg1MDM4MzY0Nw==,715868445,closed,2020-10-07T12:55:03.000000,ritchie46,,,,
MDEyOklzc3VlQ29tbWVudDcwNTU0MjY2NQ==,714895613,commented,2020-10-08T12:44:21.000000,ritchie46,,,,
MDExOkNsb3NlZEV2ZW50Mzg1NTIzNjE5NQ==,714895613,closed,2020-10-08T12:44:21.000000,ritchie46,,,,
MDEyOkxhYmVsZWRFdmVudDM1MTMxMTgzMTY=,651023805,labeled,2020-07-05T08:10:37.000000,ritchie46,,,,
MDEyOklzc3VlQ29tbWVudDY1NzAwMTQ2OA==,651023805,commented,2020-07-11T06:33:14.000000,ritchie46,,,,
MDEyOklzc3VlQ29tbWVudDcwNjE1MDc3NQ==,651023805,commented,2020-10-09T12:25:41.000000,ritchie46,,,,
MDExOkNsb3NlZEV2ZW50Mzg1OTkwNTkwOQ==,651023805,closed,2020-10-09T12:25:41.000000,ritchie46,,,,
MDEyOklzc3VlQ29tbWVudDcwNjUwMzY3MA==,718397105,commented,2020-10-10T07:24:49.000000,ritchie46,,,,
MDExOkNsb3NlZEV2ZW50Mzg2MjQ3ODA0OA==,718397105,closed,2020-10-10T07:24:49.000000,ritchie46,,,,
MDE1OlJlZmVyZW5jZWRFdmVudDM4NjI0NDYyODM=,718530634,referenced,2020-10-10T06:43:21.000000,ritchie46,,,,
MDEyOklzc3VlQ29tbWVudDcwNjQ5ODg5Nw==,718530634,commented,2020-10-10T06:44:28.000000,ritchie46,,,,
MDExOkNsb3NlZEV2ZW50Mzg2MjQ0Njk3Nw==,718530634,closed,2020-10-10T06:44:28.000000,ritchie46,,,,
MDEyOklzc3VlQ29tbWVudDcwNjU1MzA4OA==,718530634,commented,2020-10-10T13:57:29.000000,TheDan64,,,,
MDE1OlJlZmVyZW5jZWRFdmVudDM4NjMwMDI2ODE=,718656992,referenced,2020-10-10T18:26:46.000000,ritchie46,,,,
MDEyOklzc3VlQ29tbWVudDcwNjU5MTczOQ==,718656992,commented,2020-10-10T18:27:44.000000,ritchie46,,,,
MDExOkNsb3NlZEV2ZW50Mzg2MzAwMzQzOA==,718656992,closed,2020-10-10T18:27:44.000000,ritchie46,,,,
MDExOkNsb3NlZEV2ZW50Mzg2OTk3MDIyMg==,718798446,closed,2020-10-13T08:22:51.000000,ritchie46,,,,
MDE1OlJlZmVyZW5jZWRFdmVudDM4NjE2NTkzNzg=,713426982,referenced,2020-10-09T20:14:55.000000,ritchie46,,,,
MDExOkNsb3NlZEV2ZW50Mzg3MTA3NTcxNg==,713426982,closed,2020-10-13T12:41:02.000000,ritchie46,,,,
MDEyOklzc3VlQ29tbWVudDcwNzg5OTA4NQ==,651024049,commented,2020-10-13T17:33:48.000000,ritchie46,,,,
MDExOkNsb3NlZEV2ZW50Mzg3MjY2Mjc2Nw==,651024049,closed,2020-10-13T17:33:48.000000,ritchie46,,,,
REFE_lADOD7gq784mzdaxzwAAAAIR2dw9,651024049,referenced,2023-03-30T16:08:52.000000,xendai66,,,,
MDExOkNsb3NlZEV2ZW50Mzg3MzI1MTU1OQ==,709582315,closed,2020-10-13T19:52:44.000000,ritchie46,,,,
MDE1OlJlZmVyZW5jZWRFdmVudDM4NzQ4OTc4MzI=,709582315,referenced,2020-10-14T06:23:53.000000,ritchie46,,,,
MDEyOklzc3VlQ29tbWVudDcwODIxNTI0Ng==,721210901,commented,2020-10-14T07:25:41.000000,ritchie46,,,,
MDEyOklzc3VlQ29tbWVudDcwODIyMDMzMQ==,721210901,commented,2020-10-14T07:36:28.000000,chinmayyadavca,,,,
MDEyOklzc3VlQ29tbWVudDcwODIzMTAwNQ==,721210901,commented,2020-10-14T07:58:39.000000,ritchie46,,,,
MDExOkNsb3NlZEV2ZW50Mzg3NTIzMTE1Mw==,721210901,closed,2020-10-14T07:58:39.000000,ritchie46,,,,
MDEyOklzc3VlQ29tbWVudDcwODI1NDY0Ng==,721210901,commented,2020-10-14T08:42:58.000000,chinmayyadavca,,,,
MDEyOklzc3VlQ29tbWVudDcwODE4ODEyMg==,721131507,commented,2020-10-14T06:27:17.000000,ritchie46,,,,
MDExOkNsb3NlZEV2ZW50Mzg3NDkwODI1Ng==,721131507,closed,2020-10-14T06:27:17.000000,ritchie46,,,,
MDEyOklzc3VlQ29tbWVudDcwODM4Njg4NQ==,721131507,commented,2020-10-14T13:02:22.000000,TheDan64,,,,
MDEyOklzc3VlQ29tbWVudDcwODkxNDYzNQ==,721940857,commented,2020-10-15T05:52:34.000000,ritchie46,,,,
MDExOkNsb3NlZEV2ZW50Mzg3OTczNzQ3Ng==,721940857,closed,2020-10-15T06:10:33.000000,ritchie46,,,,
MDExOkNsb3NlZEV2ZW50Mzg5Mjk5MTY3NQ==,724077192,closed,2020-10-19T11:49:55.000000,ritchie46,,,,
MDE1OlJlZmVyZW5jZWRFdmVudDM4OTg0OTIxNjc=,724077192,referenced,2020-10-20T12:44:53.000000,ritchie46,,,,
MDE1OlJlZmVyZW5jZWRFdmVudDM4OTkxMTUyODM=,724077192,referenced,2020-10-20T14:38:23.000000,ritchie46,,,,
REFE_lADOD7gq784rKIqIzwAAAAMDLFcH,724077192,referenced,2024-05-26T20:40:09.000000,stinodego,,,,
MDEyOklzc3VlQ29tbWVudDcxMzYzMTM2Mw==,722326987,commented,2020-10-21T14:47:30.000000,ritchie46,,,,
MDExOkNsb3NlZEV2ZW50MzkwNDMzMTY3NQ==,722326987,closed,2020-10-21T14:47:30.000000,ritchie46,,,,
MDEyOklzc3VlQ29tbWVudDcxNjE4NzgyOA==,729074080,commented,2020-10-25T18:08:56.000000,ritchie46,,,,
MDEyOklzc3VlQ29tbWVudDcxNjIwMDkyOA==,729074080,commented,2020-10-25T19:44:25.000000,marioloko,,,,
MDEyOklzc3VlQ29tbWVudDcxNjIwNzMxNA==,729074080,commented,2020-10-25T20:30:57.000000,ritchie46,,,,
MDEyOklzc3VlQ29tbWVudDcxNjIyODM3Ng==,729074080,commented,2020-10-25T23:11:07.000000,marioloko,,,,
MDE1OlJlZmVyZW5jZWRFdmVudDM5MTk4NTMyNDQ=,729074080,referenced,2020-10-26T09:59:59.000000,ritchie46,,,,
MDEyOklzc3VlQ29tbWVudDcxNjQ0MTkyOQ==,729074080,commented,2020-10-26T10:01:02.000000,ritchie46,,,,
MDExOkNsb3NlZEV2ZW50MzkxOTg1OTAwNw==,729074080,closed,2020-10-26T10:01:02.000000,ritchie46,,,,
MDEyOklzc3VlQ29tbWVudDcxNjc1MjE2Mg==,729074080,commented,2020-10-26T18:48:34.000000,marioloko,,,,
MDEyOklzc3VlQ29tbWVudDcxNjc2MzE0OQ==,729074080,commented,2020-10-26T19:09:32.000000,ritchie46,,,,
MDExOkNsb3NlZEV2ZW50MzkzMjIwMjQ5MA==,730593812,closed,2020-10-28T16:24:05.000000,ritchie46,,,,
MDEyOklzc3VlQ29tbWVudDcxOTM3OTYzMg==,732217729,commented,2020-10-30T07:58:24.000000,ritchie46,,,,
MDExOkNsb3NlZEV2ZW50MzkzOTk0MzgwNw==,732217729,closed,2020-10-30T07:58:24.000000,ritchie46,,,,
MDE1OlJlZmVyZW5jZWRFdmVudDM5MzgyMDUxNTk=,731325952,referenced,2020-10-29T20:12:08.000000,ritchie46,,,,
MDExOkNsb3NlZEV2ZW50Mzk0MDM1NTg5Mg==,731325952,closed,2020-10-30T09:39:12.000000,ritchie46,,,,
MDExOkNsb3NlZEV2ZW50Mzk0MjA4MzYzMQ==,733003419,closed,2020-10-30T16:30:36.000000,ritchie46,,,,
MDEyOklzc3VlQ29tbWVudDcyMDA1MTI0Mw==,733317254,commented,2020-11-01T09:06:18.000000,ritchie46,,,,
MDExOkNsb3NlZEV2ZW50Mzk0NDkxNzIwNg==,733317254,closed,2020-11-01T09:06:18.000000,ritchie46,,,,
MDE1OlJlZmVyZW5jZWRFdmVudDM5NDIwODM2MzY=,709230578,referenced,2020-10-30T16:30:37.000000,ritchie46,,,,
MDExOkNsb3NlZEV2ZW50Mzk0NDkyMjY3NQ==,709230578,closed,2020-11-01T09:14:25.000000,ritchie46,,,,
MDE1OlJlZmVyZW5jZWRFdmVudDM5NDQ5NDQzMDg=,709230578,referenced,2020-11-01T09:45:58.000000,ritchie46,,,,
MDExOkNsb3NlZEV2ZW50Mzk1ODU0Mjg0OA==,736256738,closed,2020-11-04T16:54:02.000000,ghuls,,,,
MDE3OlJlbmFtZWRUaXRsZUV2ZW50Mzc4NTk4NDc1Mg==,705084769,renamed,2020-09-20T10:31:42.000000,ritchie46,,,,
MDEyOklzc3VlQ29tbWVudDcyMzk3NzE0Ng==,705084769,commented,2020-11-09T12:15:56.000000,ritchie46,,,,
MDExOkNsb3NlZEV2ZW50Mzk3MzQ1Mzk3NQ==,705084769,closed,2020-11-09T12:15:57.000000,ritchie46,,,,
MDEyOklzc3VlQ29tbWVudDcyMzgzNTY3NA==,738747479,commented,2020-11-09T07:56:05.000000,ritchie46,,,,
MDEyOklzc3VlQ29tbWVudDcyMzg4NjUwNg==,738747479,commented,2020-11-09T09:27:23.000000,kkonghao,,,,
MDEyOklzc3VlQ29tbWVudDcyMzk3NjkxMw==,738747479,commented,2020-11-09T12:15:30.000000,ritchie46,,,,
MDExOkNsb3NlZEV2ZW50Mzk3MzQ1MjMxMQ==,738747479,closed,2020-11-09T12:15:30.000000,ritchie46,,,,
MDEyOklzc3VlQ29tbWVudDcyNDAwMzczNQ==,738747479,commented,2020-11-09T13:12:57.000000,marioloko,,,,
MDEyOklzc3VlQ29tbWVudDcyNTY3NzQ5NQ==,739652769,commented,2020-11-11T21:43:12.000000,nevi-me,,,,
MDEyOklzc3VlQ29tbWVudDcyNTkzMTk5Mw==,739652769,commented,2020-11-12T08:42:55.000000,ritchie46,,,,
MDEyOklzc3VlQ29tbWVudDcyNjgzMDAxMw==,739652769,commented,2020-11-13T15:32:04.000000,ritchie46,,,,
MDExOkNsb3NlZEV2ZW50Mzk5NDAwMTg4NQ==,739652769,closed,2020-11-13T15:32:04.000000,ritchie46,,,,
MDE1OlJlZmVyZW5jZWRFdmVudDM5OTYzNDAxOTk=,742965072,referenced,2020-11-14T11:26:06.000000,ritchie46,,,,
MDExOkNsb3NlZEV2ZW50Mzk5NjM3ODkwNg==,742965072,closed,2020-11-14T12:19:14.000000,ritchie46,,,,
MDEyOklzc3VlQ29tbWVudDcyNzE2OTMwMg==,742911356,commented,2020-11-14T08:43:26.000000,ritchie46,,,,
MDEyOklzc3VlQ29tbWVudDcyNzIxNDUyOA==,742911356,commented,2020-11-14T14:24:50.000000,estebanz01,,,,
MDEyOklzc3VlQ29tbWVudDcyNzIzMzU2NQ==,742911356,commented,2020-11-14T16:46:57.000000,ritchie46,,,,
MDExOkNsb3NlZEV2ZW50Mzk5NjU3NzcyMw==,742911356,closed,2020-11-14T16:46:57.000000,ritchie46,,,,
MDEyOklzc3VlQ29tbWVudDcyNTI2NTI0OA==,740467231,commented,2020-11-11T07:50:21.000000,ritchie46,,,,
MDEyOklzc3VlQ29tbWVudDcyNTYyOTcxNg==,740467231,commented,2020-11-11T19:56:45.000000,marioloko,,,,
MDEyOklzc3VlQ29tbWVudDcyNTkxMTc4Nw==,740467231,commented,2020-11-12T08:04:50.000000,ritchie46,,,,
MDEyOklzc3VlQ29tbWVudDcyNjQxMDI4Mw==,740467231,commented,2020-11-12T23:44:29.000000,marioloko,,,,
MDEyOklzc3VlQ29tbWVudDcyNjQxMjg4MA==,740467231,commented,2020-11-12T23:50:08.000000,TheDan64,,,,
MDE1OlJlZmVyZW5jZWRFdmVudDM5OTcxNzcwNzQ=,740467231,referenced,2020-11-15T07:49:04.000000,ritchie46,,,,
MDE1OlJlZmVyZW5jZWRFdmVudDM5OTg3MjYyNTQ=,740467231,referenced,2020-11-16T07:02:55.000000,ritchie46,,,,
MDExOkNsb3NlZEV2ZW50Mzk5ODc0MjI3NA==,740467231,closed,2020-11-16T07:08:41.000000,ritchie46,,,,
MDE1OlJlZmVyZW5jZWRFdmVudDM5OTg5NTc2MTU=,740467231,referenced,2020-11-16T08:13:18.000000,ritchie46,,,,
MDEyOklzc3VlQ29tbWVudDcyNzg3MDY5NQ==,743570160,commented,2020-11-16T09:57:20.000000,ritchie46,,,,
MDE1OlJlZmVyZW5jZWRFdmVudDQwMDEzODA3ODQ=,743570160,referenced,2020-11-16T17:06:38.000000,ritchie46,,,,
MDExOkNsb3NlZEV2ZW50NDAwMTUxNzA3NA==,743570160,closed,2020-11-16T17:35:53.000000,ritchie46,,,,
MDE1OlJlZmVyZW5jZWRFdmVudDQwMDE1MTcxNjk=,743570160,referenced,2020-11-16T17:35:54.000000,ritchie46,,,,
MDEyOklzc3VlQ29tbWVudDcyODc3NzEwOQ==,744405707,commented,2020-11-17T08:40:43.000000,ritchie46,,,,
MDExOkNsb3NlZEV2ZW50NDAwNDg5ODc0NQ==,744405707,closed,2020-11-17T11:12:55.000000,ritchie46,,,,
MDE1OlJlZmVyZW5jZWRFdmVudDQwMTQ0NDc0NzM=,746298245,referenced,2020-11-19T07:57:50.000000,ritchie46,,,,
MDE1OlJlZmVyZW5jZWRFdmVudDQwMTQ1NzkxNDc=,746298245,referenced,2020-11-19T08:33:11.000000,ritchie46,,,,
MDExOkNsb3NlZEV2ZW50NDAxNzA4NDk1Mw==,746298245,closed,2020-11-19T17:33:16.000000,ritchie46,,,,
MDEyOklzc3VlQ29tbWVudDczMTU3OTA4Mw==,747383434,commented,2020-11-21T13:23:51.000000,Dandandan,,,,
MDEyOklzc3VlQ29tbWVudDczMTU4NzE3Mg==,747383434,commented,2020-11-21T14:30:16.000000,ritchie46,,,,
MDEyOklzc3VlQ29tbWVudDczMTU4OTQ3MA==,747383434,commented,2020-11-21T14:50:09.000000,Dandandan,,,,
MDEyOklzc3VlQ29tbWVudDczMTU5MDY0Nw==,747383434,commented,2020-11-21T15:00:00.000000,Dandandan,,,,
MDEyOklzc3VlQ29tbWVudDczMTU5MDg1OQ==,747383434,commented,2020-11-21T15:01:29.000000,ritchie46,,,,
MDEyOklzc3VlQ29tbWVudDczMTU5MjI4OA==,747383434,commented,2020-11-21T15:14:02.000000,ritchie46,,,,
MDE0Ok1lbnRpb25lZEV2ZW50NDAyMzkzMTg3MQ==,747383434,mentioned,2020-11-21T15:14:02.000000,Dandandan,,,,
MDE1OlN1YnNjcmliZWRFdmVudDQwMjM5MzE4NzM=,747383434,subscribed,2020-11-21T15:14:02.000000,Dandandan,,,,
MDEyOklzc3VlQ29tbWVudDczMTU5MjM2NQ==,747383434,commented,2020-11-21T15:14:45.000000,Dandandan,,,,
MDEyOklzc3VlQ29tbWVudDczMTU5MzQwNg==,747383434,commented,2020-11-21T15:22:42.000000,ritchie46,,,,
MDEyOklzc3VlQ29tbWVudDczMTU5NDg1Nw==,747383434,commented,2020-11-21T15:34:42.000000,Dandandan,,,,
MDEyOklzc3VlQ29tbWVudDczMTU5NTQwNA==,747383434,commented,2020-11-21T15:39:33.000000,Dandandan,,,,
MDEyOklzc3VlQ29tbWVudDczMTU5NjUxMA==,747383434,commented,2020-11-21T15:48:59.000000,Dandandan,,,,
MDEyOklzc3VlQ29tbWVudDczMTU5ODEyMQ==,747383434,commented,2020-11-21T16:01:21.000000,ritchie46,,,,
MDExOkNsb3NlZEV2ZW50NDAyNDgwNzEwNA==,747383434,closed,2020-11-22T13:52:05.000000,ritchie46,,,,
MDE1OlJlZmVyZW5jZWRFdmVudDQwMjQ4MDE3NTA=,748246522,referenced,2020-11-22T13:46:12.000000,ritchie46,,,,
MDE1OlJlZmVyZW5jZWRFdmVudDQwMjQ4ODgyMjI=,748246522,referenced,2020-11-22T15:22:13.000000,ritchie46,,,,
MDE1OlJlZmVyZW5jZWRFdmVudDQwMjQ4ODgyMjY=,748246522,referenced,2020-11-22T15:22:13.000000,ritchie46,,,,
MDE1OlJlZmVyZW5jZWRFdmVudDQwMjQ4ODgyMjg=,748246522,referenced,2020-11-22T15:22:13.000000,ritchie46,,,,
MDExOkNsb3NlZEV2ZW50NDAyNDk3NDUwOA==,748246522,closed,2020-11-22T16:50:36.000000,ritchie46,,,,
MDE1OlJlZmVyZW5jZWRFdmVudDQwMjQ5NzQ1MzY=,748246522,referenced,2020-11-22T16:50:38.000000,ritchie46,,,,
MDE1OlJlZmVyZW5jZWRFdmVudDQwMjQ5NzQ1Mzk=,748246522,referenced,2020-11-22T16:50:38.000000,ritchie46,,,,
MDE1OlJlZmVyZW5jZWRFdmVudDQwMjQ5NzQ1NDI=,748246522,referenced,2020-11-22T16:50:38.000000,ritchie46,,,,
MDE1OlJlZmVyZW5jZWRFdmVudDQwMjQ5NzQ1NDM=,748246522,referenced,2020-11-22T16:50:38.000000,ritchie46,,,,
MDEyOklzc3VlQ29tbWVudDczMjcwNDQwMQ==,749385843,commented,2020-11-24T07:16:37.000000,ritchie46,,,,
MDEyOklzc3VlQ29tbWVudDczMjcyNTgwNg==,749385843,commented,2020-11-24T08:02:47.000000,zirconium-n,,,,
MDEyOklzc3VlQ29tbWVudDczMjczNjgwMQ==,749385843,commented,2020-11-24T08:24:51.000000,ritchie46,,,,
MDExOkNsb3NlZEV2ZW50NDAzMTQyMDE1MQ==,749385843,closed,2020-11-24T08:24:51.000000,ritchie46,,,,
MDE1OlJlZmVyZW5jZWRFdmVudDQwMzQ4NDA3NzA=,749385843,referenced,2020-11-24T21:14:17.000000,ritchie46,,,,
MDE1OlJlZmVyZW5jZWRFdmVudDQwMzYyNzM1OTA=,749385843,referenced,2020-11-25T05:38:32.000000,ritchie46,,,,
MDE1OlJlZmVyZW5jZWRFdmVudDQwMzYyNzQ3NTE=,749385843,referenced,2020-11-25T05:38:54.000000,ritchie46,,,,
MDE1OlJlZmVyZW5jZWRFdmVudDQwMzY5MjQ1NDY=,749385843,referenced,2020-11-25T08:52:42.000000,ritchie46,,,,
MDExOkNsb3NlZEV2ZW50NDAzMTY2NTY2OA==,744188497,closed,2020-11-24T09:20:06.000000,ritchie46,,,,
MDExOkNsb3NlZEV2ZW50NDAyOTkzOTU3Nw==,749176039,closed,2020-11-23T22:38:42.000000,sa-,,,,
MDEzOlJlb3BlbmVkRXZlbnQ0MDI5OTc1MzQ5,749176039,reopened,2020-11-23T22:50:40.000000,sa-,,,,
MDEyOklzc3VlQ29tbWVudDczMjQ3MjQ0OA==,749176039,commented,2020-11-23T22:51:50.000000,sa-,,,,
MDEyOklzc3VlQ29tbWVudDczMjcwODYzMA==,749176039,commented,2020-11-24T07:25:15.000000,ritchie46,,,,
MDEyOklzc3VlQ29tbWVudDczMjg1ODI1Mw==,749176039,commented,2020-11-24T11:23:48.000000,sa-,,,,
MDExOkNsb3NlZEV2ZW50NDAzMjIyOTA3OA==,749176039,closed,2020-11-24T11:23:49.000000,sa-,,,,
MDEyOklzc3VlQ29tbWVudDczMzIyNzU0Nw==,748658893,commented,2020-11-24T20:54:07.000000,ritchie46,,,,
MDExOkNsb3NlZEV2ZW50NDAzNDc3MDc3MA==,748658893,closed,2020-11-24T20:54:07.000000,ritchie46,,,,
MDEyOklzc3VlQ29tbWVudDczNTA4NjIwMA==,751736019,commented,2020-11-28T08:14:30.000000,ritchie46,,,,
MDExOkNsb3NlZEV2ZW50NDA0Nzc3NjgxOA==,751736019,closed,2020-11-28T08:14:30.000000,ritchie46,,,,
MDEyOklzc3VlQ29tbWVudDczNDcwMDA1Ng==,752045469,commented,2020-11-27T08:00:10.000000,ritchie46,,,,
MDEyOklzc3VlQ29tbWVudDczNDcwNDAyNQ==,752045469,commented,2020-11-27T08:10:40.000000,Dandandan,,,,
MDEyOklzc3VlQ29tbWVudDczNDcwNTAwNw==,752045469,commented,2020-11-27T08:13:09.000000,Dandandan,,,,
MDEyOklzc3VlQ29tbWVudDczNDcwNTQzNg==,752045469,commented,2020-11-27T08:14:16.000000,ritchie46,,,,
MDEyOklzc3VlQ29tbWVudDczNDcwNjM0Ng==,752045469,commented,2020-11-27T08:16:44.000000,Dandandan,,,,
MDEyOklzc3VlQ29tbWVudDczNDgwMTY0MA==,752045469,commented,2020-11-27T12:01:00.000000,ritchie46,,,,
MDExOkNsb3NlZEV2ZW50NDA0NTg1NTA2NA==,752045469,closed,2020-11-27T12:01:01.000000,ritchie46,,,,
MDEyOklzc3VlQ29tbWVudDczNDgwNzgwMw==,752045469,commented,2020-11-27T12:16:26.000000,Dandandan,,,,
MDEyOklzc3VlQ29tbWVudDczNDgxMTUwNg==,752045469,commented,2020-11-27T12:26:02.000000,ritchie46,,,,
MDEzOlJlb3BlbmVkRXZlbnQ0MDQ1OTM1ODI4,752045469,reopened,2020-11-27T12:26:03.000000,ritchie46,,,,
MDE0Ok1lbnRpb25lZEV2ZW50NDA0NTkzNTgzNA==,752045469,mentioned,2020-11-27T12:26:03.000000,Dandandan,,,,
MDE1OlN1YnNjcmliZWRFdmVudDQwNDU5MzU4Mzc=,752045469,subscribed,2020-11-27T12:26:03.000000,Dandandan,,,,
MDEyOklzc3VlQ29tbWVudDczNDgxNTk1Mw==,752045469,commented,2020-11-27T12:38:32.000000,Dandandan,,,,
MDEyOklzc3VlQ29tbWVudDczNTA4NzMwMA==,752045469,commented,2020-11-28T08:15:15.000000,ritchie46,,,,
MDExOkNsb3NlZEV2ZW50NDA0Nzc3NzIzMQ==,752045469,closed,2020-11-28T08:15:16.000000,ritchie46,,,,
MDEyOklzc3VlQ29tbWVudDczMTc3NjExNw==,748036867,commented,2020-11-22T16:51:35.000000,ritchie46,,,,
MDEyOklzc3VlQ29tbWVudDczMTg0NTkwOA==,748036867,commented,2020-11-22T20:56:41.000000,Dandandan,,,,
MDEyOklzc3VlQ29tbWVudDczMjc2NzMwMg==,748036867,commented,2020-11-24T09:21:19.000000,ritchie46,,,,
MDE1OlJlZmVyZW5jZWRFdmVudDQwMzQ4NDA3NzU=,748036867,referenced,2020-11-24T21:14:17.000000,ritchie46,,,,
MDE1OlJlZmVyZW5jZWRFdmVudDQwMzYyNzM1OTU=,748036867,referenced,2020-11-25T05:38:32.000000,ritchie46,,,,
MDE1OlJlZmVyZW5jZWRFdmVudDQwMzYyNzQ3NTM=,748036867,referenced,2020-11-25T05:38:55.000000,ritchie46,,,,
MDE1OlJlZmVyZW5jZWRFdmVudDQwMzY5MjQ1NDg=,748036867,referenced,2020-11-25T08:52:42.000000,ritchie46,,,,
MDE1OlJlZmVyZW5jZWRFdmVudDQwNDgxMDk2OTI=,748036867,referenced,2020-11-28T14:14:47.000000,ritchie46,,,,
MDExOkNsb3NlZEV2ZW50NDA0ODM0OTcwMA==,748036867,closed,2020-11-28T18:57:05.000000,ritchie46,,,,
MDE1OlJlZmVyZW5jZWRFdmVudDQwNjkxMjA2NDI=,752677213,referenced,2020-12-03T18:48:09.000000,ritchie46,,,,
MDExOkNsb3NlZEV2ZW50NDA3MTYwOTE1MQ==,752677213,closed,2020-12-04T08:42:21.000000,ritchie46,,,,
MDEyOklzc3VlQ29tbWVudDczODcxNjMxMw==,756951879,commented,2020-12-04T10:53:35.000000,ritchie46,,,,
MDE1OlJlZmVyZW5jZWRFdmVudDQwNzIxNTY1MDA=,756951879,referenced,2020-12-04T10:58:41.000000,ritchie46,,,,
MDExOkNsb3NlZEV2ZW50NDA3MjU0MTQwNA==,756951879,closed,2020-12-04T12:48:15.000000,ritchie46,,,,
MDExOkNsb3NlZEV2ZW50NDEwOTcwMTA3OA==,762144222,closed,2020-12-14T15:00:05.000000,ritchie46,,,,
MDE1OlJlZmVyZW5jZWRFdmVudDQxMDk2NzkxODY=,760530567,referenced,2020-12-14T14:56:11.000000,ritchie46,,,,
MDExOkNsb3NlZEV2ZW50NDEwOTk2MjI0OA==,760530567,closed,2020-12-14T15:46:17.000000,ritchie46,,,,
MDEyOklzc3VlQ29tbWVudDc0NDU1NTEzMg==,766688885,commented,2020-12-14T16:28:30.000000,sa-,,,,
MDEyOklzc3VlQ29tbWVudDc0NDU3NTAyMg==,766688885,commented,2020-12-14T17:00:24.000000,ritchie46,,,,
MDEyOklzc3VlQ29tbWVudDc0NDgyMzgwMA==,766688885,commented,2020-12-14T23:46:24.000000,sa-,,,,
MDExOkNsb3NlZEV2ZW50NDExMTg2MDQxMg==,766688885,closed,2020-12-14T23:46:24.000000,sa-,,,,
MDEyOklzc3VlQ29tbWVudDcyNzU3MjI3Mg==,743259853,commented,2020-11-15T13:46:35.000000,Dandandan,,,,
MDEyOklzc3VlQ29tbWVudDcyNzYyMTc5Mg==,743259853,commented,2020-11-15T19:18:01.000000,Dandandan,,,,
MDEyOklzc3VlQ29tbWVudDcyNzYyMzgyOQ==,743259853,commented,2020-11-15T19:32:54.000000,Dandandan,,,,
MDEyOklzc3VlQ29tbWVudDcyNzc4MTUxOA==,743259853,commented,2020-11-16T07:05:55.000000,ritchie46,,,,
MDEyOklzc3VlQ29tbWVudDcyNzkyMjI2MA==,743259853,commented,2020-11-16T11:32:40.000000,Dandandan,,,,
MDEyOklzc3VlQ29tbWVudDcyODI4OTYwNA==,743259853,commented,2020-11-16T19:56:18.000000,Dandandan,,,,
MDEyOklzc3VlQ29tbWVudDcyOTcwMDU5Mg==,743259853,commented,2020-11-18T14:07:41.000000,Dandandan,,,,
MDEyOklzc3VlQ29tbWVudDcyOTg5MjA1Ng==,743259853,commented,2020-11-18T19:07:05.000000,Dandandan,,,,
MDEyOklzc3VlQ29tbWVudDc0NDU0Nzc1Nw==,743259853,commented,2020-12-14T16:17:21.000000,ritchie46,,,,
MDExOkNsb3NlZEV2ZW50NDExMDEyMTYzMQ==,743259853,closed,2020-12-14T16:17:21.000000,ritchie46,,,,
MDEyOklzc3VlQ29tbWVudDc0NDU1MjM0Mw==,743259853,commented,2020-12-14T16:24:10.000000,Dandandan,,,,
MDEyOklzc3VlQ29tbWVudDc0NTA4MjA5OQ==,743259853,commented,2020-12-15T06:25:52.000000,ritchie46,,,,
MDE1OlJlZmVyZW5jZWRFdmVudDQxMzc1MTIwMzk=,743259853,referenced,2020-12-21T20:25:51.000000,ritchie46,,,,
MDE1OlJlZmVyZW5jZWRFdmVudDQxMzg4ODE4NzY=,743259853,referenced,2020-12-22T07:06:28.000000,ritchie46,,,,
MDEyOklzc3VlQ29tbWVudDc0NTA4MzM4OQ==,767151129,commented,2020-12-15T06:29:08.000000,ritchie46,,,,
MDExOkNsb3NlZEV2ZW50NDExMjkwNzIyNw==,767151129,closed,2020-12-15T06:29:08.000000,ritchie46,,,,
MDEyOklzc3VlQ29tbWVudDc0ODYwOTkzNw==,767261918,commented,2020-12-20T13:46:16.000000,ritchie46,,,,
MDExOkNsb3NlZEV2ZW50NDEzMzMzMDYwOA==,767261918,closed,2020-12-20T13:46:16.000000,ritchie46,,,,
MDE1OlJlZmVyZW5jZWRFdmVudDQxMzc1MTIwMzQ=,767261918,referenced,2020-12-21T20:25:51.000000,ritchie46,,,,
MDE1OlJlZmVyZW5jZWRFdmVudDQxMzg4ODE4Njk=,767261918,referenced,2020-12-22T07:06:28.000000,ritchie46,,,,
MDEyOklzc3VlQ29tbWVudDc0Mzk3MjIyNA==,764536048,commented,2020-12-13T08:16:32.000000,ritchie46,,,,
MDExOkNsb3NlZEV2ZW50NDEzMzMzMzEwNA==,764536048,closed,2020-12-20T13:49:28.000000,ritchie46,,,,
MDEyOklzc3VlQ29tbWVudDc1MTQ3MDYxNQ==,774902554,commented,2020-12-27T13:54:34.000000,ritchie46,,,,
MDExOkNsb3NlZEV2ZW50NDE1MDMwNzUwMQ==,774902554,closed,2020-12-27T13:54:34.000000,ritchie46,,,,
MDE1OlJlZmVyZW5jZWRFdmVudDQxNTA0MTMxMzg=,774902612,referenced,2020-12-27T16:25:19.000000,ritchie46,,,,
MDE1OlJlZmVyZW5jZWRFdmVudDQxNTA0NDM5MDQ=,774902612,referenced,2020-12-27T17:10:14.000000,ritchie46,,,,
MDExOkNsb3NlZEV2ZW50NDE1MDQ3NzQ3Mg==,774902612,closed,2020-12-27T18:01:05.000000,ritchie46,,,,
MDExOkNsb3NlZEV2ZW50NDE1MjUyMTUxMw==,775460971,closed,2020-12-28T16:43:30.000000,ritchie46,,,,
MDEyOklzc3VlQ29tbWVudDczMDE2NDEzOQ==,746017891,commented,2020-11-19T06:40:15.000000,ritchie46,,,,
MDExOkNsb3NlZEV2ZW50NDE1NDAxNjA3MQ==,746017891,closed,2020-12-29T08:46:47.000000,ritchie46,,,,
MDE1OlJlZmVyZW5jZWRFdmVudDQxNTQ0NDg4MTc=,756873692,referenced,2020-12-29T11:58:58.000000,ritchie46,,,,
MDExOkNsb3NlZEV2ZW50NDE1NDkwOTg3NA==,756873692,closed,2020-12-29T15:09:58.000000,ritchie46,,,,
MDEyOklzc3VlQ29tbWVudDc1MjIzNTA1OA==,776063452,commented,2020-12-29T20:43:26.000000,ritchie46,,,,
MDEyOklzc3VlQ29tbWVudDc1MjI5MjM0MA==,776063452,commented,2020-12-30T01:05:44.000000,Roodgerr,,,,
MDExOkNsb3NlZEV2ZW50NDE1NjU1MjAzNQ==,776063452,closed,2020-12-30T07:59:53.000000,ritchie46,,,,
MDEyOklzc3VlQ29tbWVudDc1MjIzMDAwNw==,775325149,commented,2020-12-29T20:26:24.000000,marioloko,,,,
MDEyOklzc3VlQ29tbWVudDc1MjIzMzc1MQ==,775325149,commented,2020-12-29T20:38:45.000000,ritchie46,,,,
MDEyOklzc3VlQ29tbWVudDc1MjI5NzA3MQ==,775325149,commented,2020-12-30T01:35:44.000000,marioloko,,,,
MDEyOklzc3VlQ29tbWVudDc1MjM2NzAxMw==,775325149,commented,2020-12-30T08:03:54.000000,ritchie46,,,,
MDEyOkxhYmVsZWRFdmVudDQxNTY1NjA1NzI=,775325149,labeled,2020-12-30T08:04:07.000000,ritchie46,,,,
MDEyOklzc3VlQ29tbWVudDc1MjM4MjE3NA==,775325149,commented,2020-12-30T09:03:05.000000,marioloko,,,,
MDEyOklzc3VlQ29tbWVudDc1MjM4NzExNQ==,775325149,commented,2020-12-30T09:20:13.000000,marioloko,,,,
MDEyOklzc3VlQ29tbWVudDc1MjM4ODE3Ng==,775325149,commented,2020-12-30T09:23:47.000000,ritchie46,,,,
MDEyOklzc3VlQ29tbWVudDc1MjYzMjIxNw==,775325149,commented,2020-12-30T14:01:40.000000,marioloko,,,,
MDEyOklzc3VlQ29tbWVudDc1MjY3NTA1Mg==,775325149,commented,2020-12-30T16:08:55.000000,ritchie46,,,,
MDEyOklzc3VlQ29tbWVudDc1Mjc0MDMxMA==,775325149,commented,2020-12-30T20:00:11.000000,ritchie46,,,,
MDExOkNsb3NlZEV2ZW50NDE1ODIzMzk4OQ==,775325149,closed,2020-12-30T20:00:12.000000,ritchie46,,,,
MDEyOklzc3VlQ29tbWVudDc1MTM0NDEyNA==,774742283,commented,2020-12-26T10:53:54.000000,ritchie46,,,,
MDEyOklzc3VlQ29tbWVudDc1MTM2MTI2MQ==,774742283,commented,2020-12-26T14:25:35.000000,orioles79,,,,
MDEyOklzc3VlQ29tbWVudDc1MTQ4Njg5Ng==,774742283,commented,2020-12-27T16:20:33.000000,ritchie46,,,,
MDExOkNsb3NlZEV2ZW50NDE1MDQwOTYyMQ==,774742283,closed,2020-12-27T16:20:33.000000,ritchie46,,,,
MDEzOlJlb3BlbmVkRXZlbnQ0MTUwNDA5Njk4,774742283,reopened,2020-12-27T16:20:39.000000,ritchie46,,,,
MDEyOklzc3VlQ29tbWVudDc1MTUyMzk0MA==,774742283,commented,2020-12-27T22:35:55.000000,orioles79,,,,
MDEyOklzc3VlQ29tbWVudDc1MTcwNzczOA==,774742283,commented,2020-12-28T13:11:38.000000,orioles79,,,,
MDEyOklzc3VlQ29tbWVudDc1MTc1NDQ5OQ==,774742283,commented,2020-12-28T15:37:26.000000,orioles79,,,,
MDEyOklzc3VlQ29tbWVudDc1MTg1NjczNA==,774742283,commented,2020-12-28T20:37:21.000000,ritchie46,,,,
MDEyOklzc3VlQ29tbWVudDc1MjEzOTU0OQ==,774742283,commented,2020-12-29T16:10:54.000000,orioles79,,,,
MDEyOklzc3VlQ29tbWVudDc1MjE0MjgwNg==,774742283,commented,2020-12-29T16:18:48.000000,ritchie46,,,,
MDEyOklzc3VlQ29tbWVudDc1MjIxNjYzOA==,774742283,commented,2020-12-29T19:35:51.000000,ritchie46,,,,
MDEyOklzc3VlQ29tbWVudDc1MjIyMzgzMw==,774742283,commented,2020-12-29T20:02:48.000000,orioles79,,,,
MDEyOklzc3VlQ29tbWVudDc1MjM2OTkxNw==,774742283,commented,2020-12-30T08:15:13.000000,ritchie46,,,,
MDExOkNsb3NlZEV2ZW50NDE2MTkyMTQ3Mw==,774742283,closed,2021-01-02T19:24:08.000000,ritchie46,,,,
MDE1OlJlZmVyZW5jZWRFdmVudDQxNzk1NzU0MjE=,771341919,referenced,2021-01-07T12:03:08.000000,ritchie46,,,,
MDE1OlJlZmVyZW5jZWRFdmVudDQxODcwOTQwMzU=,771341919,referenced,2021-01-09T14:35:39.000000,ritchie46,,,,
MDExOkNsb3NlZEV2ZW50NDE4NzA5NDQ2Mg==,771341919,closed,2021-01-09T14:36:12.000000,ritchie46,,,,
MDExOkNsb3NlZEV2ZW50NDE4NzA5NDYxNg==,732217820,closed,2021-01-09T14:36:27.000000,ritchie46,,,,
MDEyOklzc3VlQ29tbWVudDc1ODIyODI4OA==,783632743,commented,2021-01-11T21:13:19.000000,ritchie46,,,,
MDExOkNsb3NlZEV2ZW50NDE5MjgzMTcxNg==,783632743,closed,2021-01-11T21:13:20.000000,ritchie46,,,,
MDEyOklzc3VlQ29tbWVudDc1ODE2MDk4NQ==,783622221,commented,2021-01-11T19:08:51.000000,YuRiTan,,,,
MDEyOklzc3VlQ29tbWVudDc1ODIyODUzMA==,783622221,commented,2021-01-11T21:13:45.000000,ritchie46,,,,
MDExOkNsb3NlZEV2ZW50NDE5MjgzMzA0OA==,783622221,closed,2021-01-11T21:13:45.000000,ritchie46,,,,
MDEyOklzc3VlQ29tbWVudDc1ODY5NDk3OA==,783622221,commented,2021-01-12T14:32:06.000000,YuRiTan,,,,
MDE3OlJlbmFtZWRUaXRsZUV2ZW50NDIwMTgwNzQwNQ==,785087234,renamed,2021-01-13T15:29:08.000000,ritchie46,,,,
MDEyOklzc3VlQ29tbWVudDc2MDMwMDMyMg==,785087234,commented,2021-01-14T16:16:45.000000,ritchie46,,,,
MDExOkNsb3NlZEV2ZW50NDIwNzAzNjAzNQ==,785087234,closed,2021-01-14T16:16:45.000000,ritchie46,,,,
MDE3OlJlbmFtZWRUaXRsZUV2ZW50NDIwMDM3MDQyNQ==,777618183,renamed,2021-01-13T10:01:11.000000,ritchie46,,,,
MDExOkNsb3NlZEV2ZW50NDIwNzQ5Mzg0MQ==,777618183,closed,2021-01-14T17:58:37.000000,ritchie46,,,,
MDE1OlJlZmVyZW5jZWRFdmVudDQyMTA0NDMxOTM=,786268084,referenced,2021-01-15T10:33:53.000000,ritchie46,,,,
MDExOkNsb3NlZEV2ZW50NDIxMDkyNTk0MQ==,786268084,closed,2021-01-15T12:23:32.000000,ritchie46,,,,
MDE1OlJlZmVyZW5jZWRFdmVudDQyMTA1MjE2Mjg=,784984009,referenced,2021-01-15T10:53:51.000000,ritchie46,,,,
MDExOkNsb3NlZEV2ZW50NDIxMDkyNTk1Nw==,784984009,closed,2021-01-15T12:23:32.000000,ritchie46,,,,
MDEyOklzc3VlQ29tbWVudDc2MDY4NTM1NQ==,786530530,commented,2021-01-15T06:34:26.000000,ritchie46,,,,
MDExOkNsb3NlZEV2ZW50NDIxMDAyODMwOQ==,786530530,closed,2021-01-15T08:50:09.000000,ritchie46,,,,
MDEyOklzc3VlQ29tbWVudDc2MDk4ODAzOA==,786530530,commented,2021-01-15T14:54:21.000000,TheDan64,,,,
MDEyOkxhYmVsZWRFdmVudDM3ODU5NTU3MjE=,705078073,labeled,2020-09-20T09:39:28.000000,ritchie46,,,,
MDEyOklzc3VlQ29tbWVudDcyNDA3MzQwMQ==,705078073,commented,2020-11-09T15:10:28.000000,marioloko,,,,
MDEyOklzc3VlQ29tbWVudDcyNDEyNTY2NQ==,705078073,commented,2020-11-09T16:33:31.000000,ritchie46,,,,
MDEyOklzc3VlQ29tbWVudDcyNDI0OTg4OQ==,705078073,commented,2020-11-09T20:08:54.000000,marioloko,,,,
MDEyOklzc3VlQ29tbWVudDcyNDI3OTMzOA==,705078073,commented,2020-11-09T21:08:49.000000,ritchie46,,,,
MDEyOklzc3VlQ29tbWVudDcyNDM2MzI4OQ==,705078073,commented,2020-11-10T00:14:29.000000,marioloko,,,,
MDEyOklzc3VlQ29tbWVudDcyNDQ5MzYwMQ==,705078073,commented,2020-11-10T06:39:28.000000,ritchie46,,,,
MDEyOklzc3VlQ29tbWVudDcyNTAxMTM2Ng==,705078073,commented,2020-11-10T22:41:40.000000,marioloko,,,,
MDEyOklzc3VlQ29tbWVudDcyNTczNzE2OQ==,705078073,commented,2020-11-12T00:15:27.000000,marioloko,,,,
MDEyOklzc3VlQ29tbWVudDcyNTkwNjMwNg==,705078073,commented,2020-11-12T07:55:17.000000,ritchie46,,,,
MDEyOklzc3VlQ29tbWVudDcyNjQwOTg3MQ==,705078073,commented,2020-11-12T23:43:15.000000,marioloko,,,,
MDEyOklzc3VlQ29tbWVudDcyNzE5NjU5OQ==,705078073,commented,2020-11-14T11:57:24.000000,marioloko,,,,
MDEyOklzc3VlQ29tbWVudDcyNzIyODI5Mg==,705078073,commented,2020-11-14T16:07:19.000000,ritchie46,,,,
MDEyOklzc3VlQ29tbWVudDcyNzU1MzUxNw==,705078073,commented,2020-11-15T11:17:19.000000,marioloko,,,,
MDEyOklzc3VlQ29tbWVudDcyNzU1NDc4NA==,705078073,commented,2020-11-15T11:28:03.000000,ritchie46,,,,
MDEyOklzc3VlQ29tbWVudDcyOTk5MDQ0MQ==,705078073,commented,2020-11-18T22:14:16.000000,marioloko,,,,
MDEyOklzc3VlQ29tbWVudDczMDU3MTgwMw==,705078073,commented,2020-11-19T18:56:58.000000,ritchie46,,,,
MDEyOklzc3VlQ29tbWVudDczMDYzNDY2NQ==,705078073,commented,2020-11-19T21:01:24.000000,marioloko,,,,
MDEyOklzc3VlQ29tbWVudDczMDk2ODA2Mw==,705078073,commented,2020-11-20T07:41:24.000000,ritchie46,,,,
MDEyOklzc3VlQ29tbWVudDczMTQ0NTM0MA==,705078073,commented,2020-11-20T22:45:13.000000,marioloko,,,,
MDEyOklzc3VlQ29tbWVudDc2MDcxMjc4Nw==,705078073,commented,2021-01-15T07:40:46.000000,ritchie46,,,,
MDE0Ok1lbnRpb25lZEV2ZW50NDIwOTc2NDA3NA==,705078073,mentioned,2021-01-15T07:40:46.000000,marioloko,,,,
MDE1OlN1YnNjcmliZWRFdmVudDQyMDk3NjQwNzc=,705078073,subscribed,2021-01-15T07:40:46.000000,marioloko,,,,
MDEyOklzc3VlQ29tbWVudDc2MDcyMTAzOA==,705078073,commented,2021-01-15T08:00:37.000000,marioloko,,,,
MDEyOklzc3VlQ29tbWVudDc2MTAxNDQ0NQ==,705078073,commented,2021-01-15T15:38:46.000000,ritchie46,,,,
MDExOkNsb3NlZEV2ZW50NDIxMTcyNzkwNw==,705078073,closed,2021-01-15T15:38:46.000000,ritchie46,,,,
REFE_lADOD7gq784qBqM5zwAAAAIR2eBM,705078073,referenced,2023-03-30T16:08:58.000000,xendai66,,,,
MDEyOklzc3VlQ29tbWVudDc2MDYyNTgzNw==,786505524,commented,2021-01-15T03:44:02.000000,TheDan64,,,,
MDEyOklzc3VlQ29tbWVudDc2MDY4NzI1NA==,786505524,commented,2021-01-15T06:39:06.000000,ritchie46,,,,
MDEyOklzc3VlQ29tbWVudDc2MDk5MjUwMA==,786505524,commented,2021-01-15T15:02:09.000000,TheDan64,,,,
MDE1OlJlZmVyZW5jZWRFdmVudDQyMTE2ODgyMTg=,786505524,referenced,2021-01-15T15:29:46.000000,ritchie46,,,,
MDExOkNsb3NlZEV2ZW50NDIxMjU4ODU1Mg==,786505524,closed,2021-01-15T19:18:59.000000,ritchie46,,,,
MDEyOklzc3VlQ29tbWVudDc2MTc1MTUwNw==,787284489,commented,2021-01-17T08:03:20.000000,ritchie46,,,,
MDExOkNsb3NlZEV2ZW50NDIxNDg2Mzg0OA==,787284489,closed,2021-01-17T08:03:20.000000,ritchie46,,,,
MDE1OlJlZmVyZW5jZWRFdmVudDQyMTQwNzY4MzQ=,776021020,referenced,2021-01-16T14:00:34.000000,ritchie46,,,,
MDE1OlJlZmVyZW5jZWRFdmVudDQyMTQ5NDU0MDk=,776021020,referenced,2021-01-17T10:10:53.000000,ritchie46,,,,
MDExOkNsb3NlZEV2ZW50NDIxNTEwMDc5Mg==,776021020,closed,2021-01-17T12:56:13.000000,ritchie46,,,,
MDExOkNsb3NlZEV2ZW50NDIxNTExNjA4OQ==,787703440,closed,2021-01-17T13:13:51.000000,ritchie46,,,,
MDExOkNsb3NlZEV2ZW50NDIxNzQwMjc4OA==,787543193,closed,2021-01-18T10:26:32.000000,ritchie46,,,,
MDEyOklzc3VlQ29tbWVudDc2MjI0MDk1OQ==,787751261,commented,2021-01-18T13:10:13.000000,ritchie46,,,,
MDE1OlJlZmVyZW5jZWRFdmVudDQyMTk1NTYyMzU=,787751261,referenced,2021-01-18T19:21:09.000000,ritchie46,,,,
MDE1OlJlZmVyZW5jZWRFdmVudDQyMTk1NzY4MDM=,787751261,referenced,2021-01-18T19:28:36.000000,ritchie46,,,,
MDE1OlJlZmVyZW5jZWRFdmVudDQyMjExMDU5NTQ=,787751261,referenced,2021-01-19T07:35:41.000000,ritchie46,,,,
MDExOkNsb3NlZEV2ZW50NDIyMTMwNTk0OQ==,787751261,closed,2021-01-19T08:32:34.000000,ritchie46,,,,
MDEyOklzc3VlQ29tbWVudDc2MzAzMjM0OQ==,789247608,commented,2021-01-19T18:23:02.000000,ritchie46,,,,
MDEyOklzc3VlQ29tbWVudDc2MzAzNTkzNg==,789247608,commented,2021-01-19T18:28:21.000000,keiv-fly,,,,
MDEyOklzc3VlQ29tbWVudDc2MzA0MjYyNQ==,789247608,commented,2021-01-19T18:39:51.000000,keiv-fly,,,,
MDEyOklzc3VlQ29tbWVudDc2MzA0NDIxMA==,789247608,commented,2021-01-19T18:42:07.000000,keiv-fly,,,,
MDEyOklzc3VlQ29tbWVudDc2MzExMTU2Mg==,789247608,commented,2021-01-19T20:28:25.000000,ritchie46,,,,
MDExOkNsb3NlZEV2ZW50NDIyNDQ5MTI5MQ==,789247608,closed,2021-01-19T20:28:25.000000,ritchie46,,,,
MDEyOklzc3VlQ29tbWVudDc2MjA4MDY5NA==,788050810,commented,2021-01-18T08:34:23.000000,1138886114,,,,
MDEyOklzc3VlQ29tbWVudDc2MjEyMTA0NA==,788050810,commented,2021-01-18T09:39:28.000000,ritchie46,,,,
MDEyOklzc3VlQ29tbWVudDc2NjM5MDU5Nw==,788050810,commented,2021-01-24T16:35:08.000000,ritchie46,,,,
MDExOkNsb3NlZEV2ZW50NDI0MjY3OTIyNw==,788050810,closed,2021-01-24T16:35:08.000000,ritchie46,,,,
MDExOkNsb3NlZEV2ZW50NDI0OTE4MDA0Ng==,793265201,closed,2021-01-26T06:55:46.000000,ritchie46,,,,
MDE1OlJlZmVyZW5jZWRFdmVudDM2OTg2NTEwMjE=,686979180,referenced,2020-08-27T09:25:36.000000,ritchie46,,,,
MDE1OlJlZmVyZW5jZWRFdmVudDM2OTg2NTk4OTM=,686979180,referenced,2020-08-27T09:27:09.000000,ritchie46,,,,
MDEyOklzc3VlQ29tbWVudDY5MzEzNjkxMA==,686979180,commented,2020-09-16T02:47:07.000000,nevi-me,,,,
MDEyOklzc3VlQ29tbWVudDY5MzE5ODg5Ng==,686979180,commented,2020-09-16T06:20:00.000000,ritchie46,,,,
MDEyOklzc3VlQ29tbWVudDY5NDMwNTI5MQ==,686979180,commented,2020-09-17T15:15:51.000000,nevi-me,,,,
MDEyOklzc3VlQ29tbWVudDcxMzYzMDY1Mg==,686979180,commented,2020-10-21T14:46:30.000000,ritchie46,,,,
MDE0Ok1lbnRpb25lZEV2ZW50MzkwNDMyNjM0Mg==,686979180,mentioned,2020-10-21T14:46:31.000000,nevi-me,,,,
MDE1OlN1YnNjcmliZWRFdmVudDM5MDQzMjYzNDY=,686979180,subscribed,2020-10-21T14:46:31.000000,nevi-me,,,,
MDEyOklzc3VlQ29tbWVudDcxMzY1Njk3Nw==,686979180,commented,2020-10-21T15:24:14.000000,nevi-me,,,,
MDEyOklzc3VlQ29tbWVudDc2NzcxODIzNw==,686979180,commented,2021-01-26T17:54:47.000000,ritchie46,,,,
MDExOkNsb3NlZEV2ZW50NDI1MTk3Mzc3NQ==,686979180,closed,2021-01-26T17:54:47.000000,ritchie46,,,,
MDE0Ok1lbnRpb25lZEV2ZW50NDI1MTk3Mzc5MA==,686979180,mentioned,2021-01-26T17:54:48.000000,nevi-me,,,,
MDE1OlN1YnNjcmliZWRFdmVudDQyNTE5NzM4MDI=,686979180,subscribed,2021-01-26T17:54:48.000000,nevi-me,,,,
MDEyOklzc3VlQ29tbWVudDc2MDI5MzQ3OQ==,786100165,commented,2021-01-14T16:05:40.000000,ritchie46,,,,
MDE0Ok1lbnRpb25lZEV2ZW50NDIwNjk4MzkyMA==,786100165,mentioned,2021-01-14T16:05:40.000000,fgadaleta,,,,
MDE1OlN1YnNjcmliZWRFdmVudDQyMDY5ODM5Mjg=,786100165,subscribed,2021-01-14T16:05:40.000000,fgadaleta,,,,
MDExOkNsb3NlZEV2ZW50NDI1MjEwNjExOA==,786100165,closed,2021-01-26T18:25:51.000000,ritchie46,,,,
MDE1OlJlZmVyZW5jZWRFdmVudDQyNTUyODY0MzM=,792838933,referenced,2021-01-27T11:09:11.000000,ritchie46,,,,
MDExOkNsb3NlZEV2ZW50NDI1NTU1NTY2NQ==,792838933,closed,2021-01-27T12:16:23.000000,ritchie46,,,,
MDE1OlJlZmVyZW5jZWRFdmVudDQyNTI1NDU2NjQ=,793977065,referenced,2021-01-26T20:14:24.000000,ritchie46,,,,
MDE1OlJlZmVyZW5jZWRFdmVudDQyNTU1NTU2NTM=,793977065,referenced,2021-01-27T12:16:23.000000,ritchie46,,,,
MDEyOklzc3VlQ29tbWVudDc2ODI0NzY2NQ==,793977065,commented,2021-01-27T12:18:11.000000,ritchie46,,,,
MDExOkNsb3NlZEV2ZW50NDI1NTU2MjYyNQ==,793977065,closed,2021-01-27T12:18:11.000000,ritchie46,,,,
MDE1OlJlZmVyZW5jZWRFdmVudDQyNTUxNjU1OTU=,794055947,referenced,2021-01-27T10:41:03.000000,ritchie46,,,,
MDE1OlJlZmVyZW5jZWRFdmVudDQyNTU1NTU2NjA=,794055947,referenced,2021-01-27T12:16:23.000000,ritchie46,,,,
MDExOkNsb3NlZEV2ZW50NDI1NTU2MzcxNw==,794055947,closed,2021-01-27T12:18:27.000000,ritchie46,,,,
MDEyOklzc3VlQ29tbWVudDc2ODI1ODAxMQ==,743865960,commented,2021-01-27T12:38:22.000000,ritchie46,,,,
MDExOkNsb3NlZEV2ZW50NDI1NTY0MTY2Ng==,743865960,closed,2021-01-27T12:38:22.000000,ritchie46,,,,
MDEyOkxhYmVsZWRFdmVudDQyMTQ5MTQzMDQ=,787665346,labeled,2021-01-17T09:24:02.000000,ritchie46,,,,
MDEyOklzc3VlQ29tbWVudDc2MzUzMzcwNA==,787665346,commented,2021-01-20T11:17:32.000000,ritchie46,,,,
MDE1OlJlZmVyZW5jZWRFdmVudDQyMjc0MjU3MjY=,787665346,referenced,2021-01-20T11:30:48.000000,ritchie46,,,,
MDE1OlJlZmVyZW5jZWRFdmVudDQyMjc2NTg4NDQ=,787665346,referenced,2021-01-20T12:28:30.000000,ritchie46,,,,
MDExOkNsb3NlZEV2ZW50NDI2OTI1MTA5MQ==,787665346,closed,2021-01-30T15:38:52.000000,ritchie46,,,,
MDEyOklzc3VlQ29tbWVudDc3MDM0Njk4MQ==,797622042,commented,2021-01-31T08:34:47.000000,ritchie46,,,,
MDE0Ok1lbnRpb25lZEV2ZW50NDI3MDA3NDgyOQ==,797622042,mentioned,2021-01-31T08:34:47.000000,TheDan64,,,,
MDE1OlN1YnNjcmliZWRFdmVudDQyNzAwNzQ4MzA=,797622042,subscribed,2021-01-31T08:34:47.000000,TheDan64,,,,
MDExOkNsb3NlZEV2ZW50NDI3MDE1MzE4MQ==,797622042,closed,2021-01-31T10:02:14.000000,ritchie46,,,,
MDEyOkxhYmVsZWRFdmVudDQyNzU5NzQwNDk=,798580709,labeled,2021-02-01T21:17:17.000000,ritchie46,,,,
MDExOkNsb3NlZEV2ZW50NDI4Mzc0ODM0OQ==,798580709,closed,2021-02-03T08:02:10.000000,ritchie46,,,,
MDEyOklzc3VlQ29tbWVudDc3MzQxNjQ2MQ==,800900628,commented,2021-02-04T16:01:10.000000,ritchie46,,,,
MDExOkNsb3NlZEV2ZW50NDI5MTY4NDE4MQ==,800900628,closed,2021-02-04T16:01:10.000000,ritchie46,,,,
MDEyOklzc3VlQ29tbWVudDc3MzU2NTI3OQ==,800900628,commented,2021-02-04T19:54:21.000000,jmrgibson,,,,
MDEyOklzc3VlQ29tbWVudDc3MTE2MzcyNg==,798679967,commented,2021-02-01T21:16:15.000000,ritchie46,,,,
MDEyOklzc3VlQ29tbWVudDc3MTI4NjcyMQ==,798679967,commented,2021-02-02T01:48:05.000000,Posnet,,,,
MDEyOklzc3VlQ29tbWVudDc3MTQ5MjMwNw==,798679967,commented,2021-02-02T09:20:22.000000,ritchie46,,,,
MDEyOklzc3VlQ29tbWVudDc3MzYwMzQ5Nw==,798679967,commented,2021-02-04T21:06:10.000000,Posnet,,,,
MDExOkNsb3NlZEV2ZW50NDI5MzAyOTk2Nw==,798679967,closed,2021-02-04T21:06:14.000000,Posnet,,,,
MDEyOklzc3VlQ29tbWVudDc3Mzg1NDExNA==,798679967,commented,2021-02-05T07:35:22.000000,ritchie46,,,,
MDE0Ok1lbnRpb25lZEV2ZW50NDI5NDcyMjkzNg==,798679967,mentioned,2021-02-05T07:35:22.000000,Posnet,,,,
MDE1OlN1YnNjcmliZWRFdmVudDQyOTQ3MjI5Mzg=,798679967,subscribed,2021-02-05T07:35:23.000000,Posnet,,,,
MDEyOklzc3VlQ29tbWVudDc3Mzg1OTk3Mw==,801593549,commented,2021-02-05T07:48:37.000000,ritchie46,,,,
MDE1OlJlZmVyZW5jZWRFdmVudDQyOTQ4MTU0MjI=,801593549,referenced,2021-02-05T08:03:47.000000,ritchie46,,,,
MDEyOklzc3VlQ29tbWVudDc3Mzg2NzI5OA==,801593549,commented,2021-02-05T08:04:51.000000,ritchie46,,,,
MDExOkNsb3NlZEV2ZW50NDI5NDgxOTUxMw==,801593549,closed,2021-02-05T08:04:51.000000,ritchie46,,,,
MDEyOklzc3VlQ29tbWVudDc3Mzg4MzY2OQ==,801593549,commented,2021-02-05T08:38:13.000000,elbaro,,,,
MDE1OlJlZmVyZW5jZWRFdmVudDQyOTUwODEzMzg=,801593549,referenced,2021-02-05T09:12:18.000000,ritchie46,,,,
MDEyOklzc3VlQ29tbWVudDc3Mzg2MDI4NA==,801936378,commented,2021-02-05T07:49:21.000000,ritchie46,,,,
MDEyOklzc3VlQ29tbWVudDc3Mzg4MTczMA==,801936378,commented,2021-02-05T08:34:35.000000,elbaro,,,,
MDE1OlJlZmVyZW5jZWRFdmVudDQyOTUwNzkzMjY=,801936378,referenced,2021-02-05T09:11:50.000000,ritchie46,,,,
MDExOkNsb3NlZEV2ZW50NDI5NTIyNjA1Nw==,801936378,closed,2021-02-05T09:46:15.000000,ritchie46,,,,
MDEyOklzc3VlQ29tbWVudDc3Mzg5NjMxNQ==,801972518,commented,2021-02-05T09:03:01.000000,ritchie46,,,,
MDExOkNsb3NlZEV2ZW50NDI5NjI5MDkyOQ==,801972518,closed,2021-02-05T14:14:35.000000,ritchie46,,,,
MDEyOklzc3VlQ29tbWVudDc3Mzg3NDU4OQ==,801551266,commented,2021-02-05T08:20:07.000000,ritchie46,,,,
MDExOkNsb3NlZEV2ZW50NDI5NjI5MDkzNA==,801551266,closed,2021-02-05T14:14:35.000000,ritchie46,,,,
MDEyOklzc3VlQ29tbWVudDc3MjQ4NDU5Nw==,800244314,commented,2021-02-03T12:51:25.000000,ritchie46,,,,
MDE1OlJlZmVyZW5jZWRFdmVudDQyOTU3NTIzMjE=,800244314,referenced,2021-02-05T11:57:18.000000,ritchie46,,,,
MDExOkNsb3NlZEV2ZW50NDI5NjI5MTAyNQ==,800244314,closed,2021-02-05T14:14:36.000000,ritchie46,,,,
MDEyOklzc3VlQ29tbWVudDc1ODgzOTMxMA==,784448367,commented,2021-01-12T18:07:25.000000,ritchie46,,,,
MDEyOklzc3VlQ29tbWVudDc1ODg1MjY2Mg==,784448367,commented,2021-01-12T18:30:48.000000,jangorecki,,,,
MDEyOklzc3VlQ29tbWVudDc1ODg2MTc5NQ==,784448367,commented,2021-01-12T18:47:30.000000,ritchie46,,,,
MDEyOklzc3VlQ29tbWVudDc2MDMwMDg5Nw==,784448367,commented,2021-01-14T16:17:42.000000,ritchie46,,,,
MDEyOklzc3VlQ29tbWVudDc2MDMyNTE4NQ==,784448367,commented,2021-01-14T16:56:26.000000,jangorecki,,,,
MDEyOklzc3VlQ29tbWVudDc2MDM5OTg3Nw==,784448367,commented,2021-01-14T18:53:56.000000,ritchie46,,,,
MDEyOklzc3VlQ29tbWVudDc2MTA1NzMzNQ==,784448367,commented,2021-01-15T16:54:09.000000,jangorecki,,,,
MDEyOklzc3VlQ29tbWVudDc2MTA4ODQzOA==,784448367,commented,2021-01-15T17:52:26.000000,ritchie46,,,,
MDEyOklzc3VlQ29tbWVudDc2MTU1MzkxMg==,784448367,commented,2021-01-16T12:13:05.000000,ritchie46,,,,
MDEyOklzc3VlQ29tbWVudDc2MTU1NTgwMA==,784448367,commented,2021-01-16T12:28:26.000000,jangorecki,,,,
MDEyOklzc3VlQ29tbWVudDc2MTU1ODM1MA==,784448367,commented,2021-01-16T12:48:33.000000,ritchie46,,,,
MDEyOklzc3VlQ29tbWVudDc2MTc3MDU5Ng==,784448367,commented,2021-01-17T10:53:55.000000,jangorecki,,,,
MDEyOklzc3VlQ29tbWVudDc3NTI3ODk0Nw==,784448367,commented,2021-02-08T16:42:20.000000,ritchie46,,,,
MDE0Ok1lbnRpb25lZEV2ZW50NDMwNDQ2MTQzMA==,784448367,mentioned,2021-02-08T16:42:20.000000,jangorecki,,,,
MDE1OlN1YnNjcmliZWRFdmVudDQzMDQ0NjE0NDM=,784448367,subscribed,2021-02-08T16:42:20.000000,jangorecki,,,,
MDEyOklzc3VlQ29tbWVudDc3NTI4NzcwNQ==,784448367,commented,2021-02-08T16:54:54.000000,jangorecki,,,,
MDEyOklzc3VlQ29tbWVudDc3NTI5MTk2MA==,784448367,commented,2021-02-08T17:01:06.000000,jangorecki,,,,
MDEyOklzc3VlQ29tbWVudDc3NTI5MzYwMA==,784448367,commented,2021-02-08T17:03:24.000000,jangorecki,,,,
MDEyOklzc3VlQ29tbWVudDc3NTM1NDkxMw==,784448367,commented,2021-02-08T18:35:48.000000,ritchie46,,,,
MDExOkNsb3NlZEV2ZW50NDMwNTAyOTc5Ng==,784448367,closed,2021-02-08T18:35:48.000000,ritchie46,,,,
MDE1OlJlZmVyZW5jZWRFdmVudDQzMTM3MDQ5MTI=,804861478,referenced,2021-02-10T09:27:11.000000,ritchie46,,,,
MDExOkNsb3NlZEV2ZW50NDMxMzk3NzE1MA==,804861478,closed,2021-02-10T10:24:31.000000,ritchie46,,,,
MDEyOklzc3VlQ29tbWVudDc3ODY0MDI0OA==,807536467,commented,2021-02-13T16:19:38.000000,ritchie46,,,,
MDExOkNsb3NlZEV2ZW50NDMyNzkxMjA1OQ==,807536467,closed,2021-02-13T16:19:38.000000,ritchie46,,,,
MDEyOklzc3VlQ29tbWVudDc3ODY0MDQ4Mg==,807499229,commented,2021-02-13T16:21:55.000000,ritchie46,,,,
MDExOkNsb3NlZEV2ZW50NDMyNzkxMzk4OQ==,807499229,closed,2021-02-13T16:21:55.000000,ritchie46,,,,
MDEyOklzc3VlQ29tbWVudDc4MTM3NzAzNA==,787543294,commented,2021-02-18T14:21:17.000000,ritchie46,,,,
MDExOkNsb3NlZEV2ZW50NDM0NzAxNTI0MQ==,787543294,closed,2021-02-18T14:21:17.000000,ritchie46,,,,
MDEzOkFzc2lnbmVkRXZlbnQzNjI0ODkyMTE2,673568173,assigned,2020-08-05T14:16:53.000000,ritchie46,,,,
MDE1OlVuYXNzaWduZWRFdmVudDM2MjQ4OTI2MjA=,673568173,unassigned,2020-08-05T14:16:59.000000,ritchie46,,,,
MDEzOkFzc2lnbmVkRXZlbnQzNjMzNzI1NTcz,673568173,assigned,2020-08-07T15:33:24.000000,ritchie46,,,,
MDE1OlVuYXNzaWduZWRFdmVudDM2MzM3MjY0MzE=,673568173,unassigned,2020-08-07T15:33:40.000000,ritchie46,,,,
MDEzOkFzc2lnbmVkRXZlbnQzNjMzNzI2NDM4,673568173,assigned,2020-08-07T15:33:40.000000,ritchie46,,,,
MDEyOklzc3VlQ29tbWVudDc2MDg3MzM4NA==,673568173,commented,2021-01-15T11:02:40.000000,YuRiTan,,,,
MDEyOklzc3VlQ29tbWVudDc2MDg3Njk3OQ==,673568173,commented,2021-01-15T11:07:32.000000,ritchie46,,,,
MDE1OlJlZmVyZW5jZWRFdmVudDQyMTI0MDU5NzU=,673568173,referenced,2021-01-15T18:27:13.000000,ritchie46,,,,
MDE1OlJlZmVyZW5jZWRFdmVudDQyMTI1ODg1NTc=,673568173,referenced,2021-01-15T19:18:59.000000,ritchie46,,,,
MDEyOklzc3VlQ29tbWVudDc4MTM3NzkzNQ==,673568173,commented,2021-02-18T14:22:39.000000,ritchie46,,,,
MDExOkNsb3NlZEV2ZW50NDM0NzAyMjgyNQ==,673568173,closed,2021-02-18T14:22:39.000000,ritchie46,,,,
REFE_lADOD7gq784oJdWtzwAAAAIR2d4G,673568173,referenced,2023-03-30T16:08:55.000000,xendai66,,,,
MDEyOklzc3VlQ29tbWVudDc4MTYwOTM1Ng==,811147506,commented,2021-02-18T20:17:43.000000,ritchie46,,,,
MDExOkNsb3NlZEV2ZW50NDM0ODc0NTAyMw==,811147506,closed,2021-02-18T20:17:43.000000,ritchie46,,,,
MDE1OlJlZmVyZW5jZWRFdmVudDQzNTUxMTM3NjU=,811146728,referenced,2021-02-20T09:42:08.000000,ritchie46,,,,
MDExOkNsb3NlZEV2ZW50NDM1NTM0MjI2OA==,811146728,closed,2021-02-20T14:14:51.000000,ritchie46,,,,
MDEyOklzc3VlQ29tbWVudDc4MTg5NzY5OQ==,811721929,commented,2021-02-19T07:45:10.000000,ritchie46,,,,
MDExOkNsb3NlZEV2ZW50NDM1MDc1NDEzMQ==,811721929,closed,2021-02-19T07:45:11.000000,ritchie46,,,,
MDE0Ok1lbnRpb25lZEV2ZW50NDM1MDc1NDEzOA==,811721929,mentioned,2021-02-19T07:45:11.000000,rts-gordon,,,,
MDE1OlN1YnNjcmliZWRFdmVudDQzNTA3NTQxMzk=,811721929,subscribed,2021-02-19T07:45:11.000000,rts-gordon,,,,
MDEyOklzc3VlQ29tbWVudDc4Mjk1MTc3NQ==,811721929,commented,2021-02-21T23:40:18.000000,rts-gordon,,,,
MDE0Ok1lbnRpb25lZEV2ZW50NDM1NjkzNzExOQ==,811721929,mentioned,2021-02-21T23:40:19.000000,ritchie46,,,,
MDE1OlN1YnNjcmliZWRFdmVudDQzNTY5MzcxMjA=,811721929,subscribed,2021-02-21T23:40:19.000000,ritchie46,,,,
MDEyOklzc3VlQ29tbWVudDc4NTI5NTMwMQ==,815745413,commented,2021-02-24T18:50:22.000000,ritchie46,,,,
MDExOkNsb3NlZEV2ZW50NDM3MjYzNjc1OQ==,815745413,closed,2021-02-24T18:50:22.000000,ritchie46,,,,
MDEyOklzc3VlQ29tbWVudDc4NjMxNDU2Ng==,816898644,commented,2021-02-26T00:04:40.000000,kp2401075,,,,
MDEyOklzc3VlQ29tbWVudDc4NjMyMDc1OA==,816898644,commented,2021-02-26T00:21:18.000000,kp2401075,,,,
MDEyOklzc3VlQ29tbWVudDc4NjM1MzYwOQ==,816898644,commented,2021-02-26T01:50:59.000000,kp2401075,,,,
MDExOkNsb3NlZEV2ZW50NDM3OTYwMzI2OA==,816898644,closed,2021-02-26T01:50:59.000000,kp2401075,,,,
MDEyOklzc3VlQ29tbWVudDc4NzQzOTQ0NQ==,817991369,commented,2021-02-28T11:47:10.000000,ritchie46,,,,
MDExOkNsb3NlZEV2ZW50NDM4NTk4NDU4Ng==,817991369,closed,2021-02-28T11:47:10.000000,ritchie46,,,,
MDEyOklzc3VlQ29tbWVudDc4NzcyMDgwNg==,818558098,commented,2021-03-01T07:28:27.000000,ritchie46,,,,
MDExOkNsb3NlZEV2ZW50NDM4NzgwMDM4OQ==,818558098,closed,2021-03-01T07:28:27.000000,ritchie46,,,,
MDEyOklzc3VlQ29tbWVudDc4NDU0NzcwMg==,814868892,commented,2021-02-23T22:08:06.000000,kp2401075,,,,
MDEyOklzc3VlQ29tbWVudDc4NDk1NTE0NA==,814868892,commented,2021-02-24T09:56:30.000000,ritchie46,,,,
MDEyOklzc3VlQ29tbWVudDc4NDk5Nzg2NQ==,814868892,commented,2021-02-24T11:05:36.000000,kp2401075,,,,
MDE0Ok1lbnRpb25lZEV2ZW50NDM3MDMyMjk3OA==,814868892,mentioned,2021-02-24T11:05:36.000000,ritchie46,,,,
MDE1OlN1YnNjcmliZWRFdmVudDQzNzAzMjI5ODI=,814868892,subscribed,2021-02-24T11:05:36.000000,ritchie46,,,,
MDEyOklzc3VlQ29tbWVudDc4NTAwMTY3MQ==,814868892,commented,2021-02-24T11:12:11.000000,kp2401075,,,,
MDE0Ok1lbnRpb25lZEV2ZW50NDM3MDM1MjI2MQ==,814868892,mentioned,2021-02-24T11:12:11.000000,ritchie46,,,,
MDE1OlN1YnNjcmliZWRFdmVudDQzNzAzNTIyNjQ=,814868892,subscribed,2021-02-24T11:12:11.000000,ritchie46,,,,
MDEyOklzc3VlQ29tbWVudDc4NTAwMzM0Mw==,814868892,commented,2021-02-24T11:14:42.000000,kp2401075,,,,
MDE0Ok1lbnRpb25lZEV2ZW50NDM3MDM2MzkzNQ==,814868892,mentioned,2021-02-24T11:14:43.000000,ritchie46,,,,
MDE1OlN1YnNjcmliZWRFdmVudDQzNzAzNjM5Mzg=,814868892,subscribed,2021-02-24T11:14:43.000000,ritchie46,,,,
MDEyOklzc3VlQ29tbWVudDc4NTA0NDgyNg==,814868892,commented,2021-02-24T12:34:19.000000,ritchie46,,,,
MDE0Ok1lbnRpb25lZEV2ZW50NDM3MDcwMDE5NQ==,814868892,mentioned,2021-02-24T12:34:19.000000,kp2401075,,,,
MDE1OlN1YnNjcmliZWRFdmVudDQzNzA3MDAyMDE=,814868892,subscribed,2021-02-24T12:34:19.000000,kp2401075,,,,
MDEyOklzc3VlQ29tbWVudDc4NjMwODgyMw==,814868892,commented,2021-02-25T23:48:31.000000,kp2401075,,,,
MDEyOklzc3VlQ29tbWVudDc4NjQ2MDc5NA==,814868892,commented,2021-02-26T07:14:53.000000,ritchie46,,,,
MDEyOklzc3VlQ29tbWVudDc4ODAwODgzNg==,814868892,commented,2021-03-01T14:52:21.000000,haixuanTao,,,,
MDE1OlJlZmVyZW5jZWRFdmVudDQzOTA5ODE4OTg=,814868892,referenced,2021-03-01T17:38:47.000000,ritchie46,,,,
MDExOkNsb3NlZEV2ZW50NDM5MTIwNjY3OA==,814868892,closed,2021-03-01T18:25:41.000000,ritchie46,,,,
MDE1OlJlZmVyZW5jZWRFdmVudDQzOTEyMDY3NDU=,814868892,referenced,2021-03-01T18:25:42.000000,ritchie46,,,,
MDE1OlJlZmVyZW5jZWRFdmVudDQzOTUxMzA4ODA=,814868892,referenced,2021-03-02T10:53:42.000000,ritchie46,,,,
MDEyOklzc3VlQ29tbWVudDc5MTE1NzgyMw==,822743101,commented,2021-03-05T05:08:32.000000,TheDan64,,,,
MDEyOklzc3VlQ29tbWVudDc5MTE2MjUyMA==,822743101,commented,2021-03-05T05:21:14.000000,TheDan64,,,,
MDE3OlJlbmFtZWRUaXRsZUV2ZW50NDQxMTY3NzEyMA==,822743101,renamed,2021-03-05T05:22:00.000000,TheDan64,,,,
MDEyOklzc3VlQ29tbWVudDc5MTIxMTY3OA==,822743101,commented,2021-03-05T07:18:07.000000,ritchie46,,,,
MDE0Ok1lbnRpb25lZEV2ZW50NDQxMjAwODg5NQ==,822743101,mentioned,2021-03-05T07:18:07.000000,TheDan64,,,,
MDE1OlN1YnNjcmliZWRFdmVudDQ0MTIwMDg5MDA=,822743101,subscribed,2021-03-05T07:18:07.000000,TheDan64,,,,
MDEyOklzc3VlQ29tbWVudDc5MTQxMDk0MA==,822743101,commented,2021-03-05T13:12:28.000000,ritchie46,,,,
MDExOkNsb3NlZEV2ZW50NDQxMzk5MTM3NQ==,822743101,closed,2021-03-05T15:02:32.000000,ritchie46,,,,
MDEyOklzc3VlQ29tbWVudDc5MTQ4ODM4MA==,822743101,commented,2021-03-05T15:24:07.000000,TheDan64,,,,
MDE1OlJlZmVyZW5jZWRFdmVudDQ0MTcyNjI4NzM=,822743101,referenced,2021-03-06T20:33:34.000000,ritchie46,,,,
MDE1OlJlZmVyZW5jZWRFdmVudDQ0MTcyNjU3ODU=,822743101,referenced,2021-03-06T20:37:41.000000,ritchie46,,,,
MDEyOklzc3VlQ29tbWVudDc5MTIxNzQyNQ==,822396588,commented,2021-03-05T07:28:58.000000,ritchie46,,,,
MDE1OlJlZmVyZW5jZWRFdmVudDQ0MTI4MzA4MDg=,822396588,referenced,2021-03-05T10:35:14.000000,ritchie46,,,,
MDE1OlJlZmVyZW5jZWRFdmVudDQ0MTI4ODMzNTI=,822396588,referenced,2021-03-05T10:47:22.000000,ritchie46,,,,
MDExOkNsb3NlZEV2ZW50NDQxMzAwNTQ0Mw==,822396588,closed,2021-03-05T11:17:07.000000,ritchie46,,,,
MDE1OlJlZmVyZW5jZWRFdmVudDQ0MTMwMDU1MTE=,822396588,referenced,2021-03-05T11:17:08.000000,ritchie46,,,,
MDEyOklzc3VlQ29tbWVudDc5MTM1NTQ5Mg==,822396588,commented,2021-03-05T11:17:59.000000,ritchie46,,,,
MDE0Ok1lbnRpb25lZEV2ZW50NDQxMzAwODk5NQ==,822396588,mentioned,2021-03-05T11:17:59.000000,haixuanTao,,,,
MDE1OlN1YnNjcmliZWRFdmVudDQ0MTMwMDg5OTg=,822396588,subscribed,2021-03-05T11:18:00.000000,haixuanTao,,,,
MDE1OlJlZmVyZW5jZWRFdmVudDQ0MTQyOTAxNjQ=,822396588,referenced,2021-03-05T16:02:05.000000,ritchie46,,,,
MDE1OlJlZmVyZW5jZWRFdmVudDQ0MTQ0NjU4Mjg=,822396588,referenced,2021-03-05T16:37:54.000000,ritchie46,,,,
MDEyOklzc3VlQ29tbWVudDc5MTYzNjM3Ng==,822396588,commented,2021-03-05T19:37:04.000000,haixuanTao,,,,
MDE1OlJlZmVyZW5jZWRFdmVudDQ0MTcyNjI4NzE=,822396588,referenced,2021-03-06T20:33:34.000000,ritchie46,,,,
MDE1OlJlZmVyZW5jZWRFdmVudDQ0MTcyNjI4NzU=,822396588,referenced,2021-03-06T20:33:34.000000,ritchie46,,,,
MDE1OlJlZmVyZW5jZWRFdmVudDQ0MTcyNjU3ODQ=,822396588,referenced,2021-03-06T20:37:41.000000,ritchie46,,,,
MDE1OlJlZmVyZW5jZWRFdmVudDQ0MTcyNjU3ODY=,822396588,referenced,2021-03-06T20:37:41.000000,ritchie46,,,,
MDE1OlJlZmVyZW5jZWRFdmVudDQ0MTY2NDc3OTY=,822591291,referenced,2021-03-06T08:27:12.000000,ritchie46,,,,
MDExOkNsb3NlZEV2ZW50NDQxNjcwOTEyNA==,822591291,closed,2021-03-06T09:52:53.000000,ritchie46,,,,
MDE1OlJlZmVyZW5jZWRFdmVudDQ0MTcyNjI4Nzc=,822591291,referenced,2021-03-06T20:33:34.000000,ritchie46,,,,
MDE1OlJlZmVyZW5jZWRFdmVudDQ0MTcyNjU3ODc=,822591291,referenced,2021-03-06T20:37:41.000000,ritchie46,,,,
MDExOkNsb3NlZEV2ZW50NDQxNzc2MTEzMw==,821179078,closed,2021-03-07T08:02:04.000000,ritchie46,,,,
MDEyOklzc3VlQ29tbWVudDc5MjA1OTYzMw==,823709501,commented,2021-03-06T21:34:43.000000,ritchie46,,,,
MDEyOklzc3VlQ29tbWVudDc5MjI1NTYyMA==,823709501,commented,2021-03-07T10:45:05.000000,ritchie46,,,,
MDExOkNsb3NlZEV2ZW50NDQxNzg5MTgwOQ==,823709501,closed,2021-03-07T10:45:05.000000,ritchie46,,,,
MDEyOklzc3VlQ29tbWVudDc5NjQ1ODU4MA==,828717112,commented,2021-03-11T05:10:49.000000,TheDan64,,,,
MDEyOklzc3VlQ29tbWVudDc5NjUzMDgwMg==,828717112,commented,2021-03-11T07:34:23.000000,ritchie46,,,,
MDE1OlJlZmVyZW5jZWRFdmVudDQ0NDI1NTk4MzQ=,828717112,referenced,2021-03-11T07:49:01.000000,ritchie46,,,,
MDExOkNsb3NlZEV2ZW50NDQ0MzEwMzUzMQ==,828717112,closed,2021-03-11T09:12:32.000000,ritchie46,,,,
MDE3OlJlbmFtZWRUaXRsZUV2ZW50NDQ0MzAwNDQ5OA==,828940472,renamed,2021-03-11T08:58:05.000000,russellb23,,,,
MDEyOklzc3VlQ29tbWVudDc5NjU4Nzg3Nw==,828940472,commented,2021-03-11T09:12:06.000000,ritchie46,,,,
MDEyOklzc3VlQ29tbWVudDc5NjY5Mzc4NA==,828940472,commented,2021-03-11T12:14:29.000000,russellb23,,,,
MDExOkNsb3NlZEV2ZW50NDQ0NDMzNjA4OQ==,828940472,closed,2021-03-11T12:14:29.000000,russellb23,,,,
MDEyOklzc3VlQ29tbWVudDc5Njg3ODkyMQ==,829290875,commented,2021-03-11T16:47:07.000000,ritchie46,,,,
MDEyOklzc3VlQ29tbWVudDc5Nzg4NDYyNA==,829290875,commented,2021-03-13T07:43:18.000000,russellb23,,,,
MDExOkNsb3NlZEV2ZW50NDQ1MzU3MTgwMw==,829290875,closed,2021-03-13T07:43:18.000000,russellb23,,,,
MDEyOkxhYmVsZWRFdmVudDM4MDE1MTE3NzA=,707881029,labeled,2020-09-24T06:02:29.000000,ritchie46,,,,
MDEyOklzc3VlQ29tbWVudDc5NzkwNjUyOQ==,707881029,commented,2021-03-13T08:08:25.000000,ritchie46,,,,
MDExOkNsb3NlZEV2ZW50NDQ1MzU4OTMwNQ==,707881029,closed,2021-03-13T08:08:26.000000,ritchie46,,,,
MDEyOklzc3VlQ29tbWVudDc3NDAxNjY2Mw==,802058712,commented,2021-02-05T12:56:17.000000,ritchie46,,,,
MDEyOklzc3VlQ29tbWVudDc3NDAyNTUyOQ==,802058712,commented,2021-02-05T13:13:26.000000,Tian-Le97,,,,
MDEyOklzc3VlQ29tbWVudDc3NDAyNjMxNQ==,802058712,commented,2021-02-05T13:15:07.000000,ritchie46,,,,
MDEyOklzc3VlQ29tbWVudDc3NDEzNzA3NQ==,802058712,commented,2021-02-05T16:25:32.000000,Tian-Le97,,,,
MDEyOklzc3VlQ29tbWVudDc3NDI2NTY3NA==,802058712,commented,2021-02-05T20:18:30.000000,ritchie46,,,,
MDEyOklzc3VlQ29tbWVudDc3NDQzMjEzMg==,802058712,commented,2021-02-06T09:23:34.000000,ritchie46,,,,
MDE0Ok1lbnRpb25lZEV2ZW50NDI5ODkzNTk4NA==,802058712,mentioned,2021-02-06T09:23:34.000000,Tian-Le97,,,,
MDE1OlN1YnNjcmliZWRFdmVudDQyOTg5MzU5ODU=,802058712,subscribed,2021-02-06T09:23:34.000000,Tian-Le97,,,,
MDEyOklzc3VlQ29tbWVudDc3NDU5NzQxOA==,802058712,commented,2021-02-07T04:59:50.000000,Tian-Le97,,,,
MDEyOklzc3VlQ29tbWVudDc3NDY3MTAyNQ==,802058712,commented,2021-02-07T13:04:07.000000,ritchie46,,,,
MDEyOklzc3VlQ29tbWVudDc3NzI0OTUwMg==,802058712,commented,2021-02-11T07:25:14.000000,ritchie46,,,,
MDExOkNsb3NlZEV2ZW50NDMxODQxNzE0MQ==,802058712,closed,2021-02-11T07:25:15.000000,ritchie46,,,,
MDEyOklzc3VlQ29tbWVudDc4MjczMjg2NQ==,802058712,commented,2021-02-20T18:57:24.000000,Tian-Le97,,,,
MDEyOklzc3VlQ29tbWVudDc4Mjg3MDk3NQ==,802058712,commented,2021-02-21T14:57:43.000000,ritchie46,,,,
MDEzOlJlb3BlbmVkRXZlbnQ0MzU2NDM0NDMy,802058712,reopened,2021-02-21T14:57:44.000000,ritchie46,,,,
MDE3OlJlbmFtZWRUaXRsZUV2ZW50NDM1NjQ2OTE0NA==,802058712,renamed,2021-02-21T15:32:58.000000,ritchie46,,,,
MDExOkNsb3NlZEV2ZW50NDQ1NTQ5MjQ5Mw==,802058712,closed,2021-03-14T17:18:04.000000,ritchie46,,,,
MDE0Ok1lbnRpb25lZEV2ZW50NDQyNDMzMTcwMQ==,825094990,mentioned,2021-03-09T00:27:21.000000,ritchie46,,,,
MDE1OlN1YnNjcmliZWRFdmVudDQ0MjQzMzE3MDQ=,825094990,subscribed,2021-03-09T00:27:21.000000,ritchie46,,,,
MDEyOklzc3VlQ29tbWVudDc5MzM0ODY2Nw==,825094990,commented,2021-03-09T03:59:39.000000,rts-gordon,,,,
MDEyOklzc3VlQ29tbWVudDc5MzQ3NDg0NQ==,825094990,commented,2021-03-09T07:14:36.000000,ritchie46,,,,
MDEyOklzc3VlQ29tbWVudDc5NDY1NzUyNg==,825094990,commented,2021-03-10T00:32:33.000000,rts-gordon,,,,
MDEyOklzc3VlQ29tbWVudDc5NTIyNjMwMw==,825094990,commented,2021-03-10T10:39:49.000000,ritchie46,,,,
MDEyOklzc3VlQ29tbWVudDc5NjI5NjYxMA==,825094990,commented,2021-03-10T23:48:20.000000,rts-gordon,,,,
MDE0Ok1lbnRpb25lZEV2ZW50NDQ0MDA1NjA1MQ==,825094990,mentioned,2021-03-10T23:48:20.000000,ritchie46,,,,
MDE1OlN1YnNjcmliZWRFdmVudDQ0NDAwNTYwNTc=,825094990,subscribed,2021-03-10T23:48:20.000000,ritchie46,,,,
MDEyOklzc3VlQ29tbWVudDc5ODg5OTk1Ng==,825094990,commented,2021-03-14T12:38:39.000000,ritchie46,,,,
MDE0Ok1lbnRpb25lZEV2ZW50NDQ1NTIxNTEyOA==,825094990,mentioned,2021-03-14T12:38:39.000000,rts-gordon,,,,
MDE1OlN1YnNjcmliZWRFdmVudDQ0NTUyMTUxMjk=,825094990,subscribed,2021-03-14T12:38:39.000000,rts-gordon,,,,
MDExOkNsb3NlZEV2ZW50NDQ1NTIxNTI2MQ==,825094990,closed,2021-03-14T12:38:53.000000,ritchie46,,,,
MDEyOklzc3VlQ29tbWVudDc5ODk5NDM3OQ==,825094990,commented,2021-03-14T22:47:38.000000,rts-gordon,,,,
MDE0Ok1lbnRpb25lZEV2ZW50NDQ1NTgyMDQ3Mw==,825094990,mentioned,2021-03-14T22:47:38.000000,ritchie46,,,,
MDE1OlN1YnNjcmliZWRFdmVudDQ0NTU4MjA0Nzc=,825094990,subscribed,2021-03-14T22:47:38.000000,ritchie46,,,,
MDEyOklzc3VlQ29tbWVudDc4ODcyNjgyMg==,819633131,commented,2021-03-02T08:34:54.000000,ritchie46,,,,
MDEyOklzc3VlQ29tbWVudDc4OTI4MDY5MA==,819633131,commented,2021-03-02T22:50:20.000000,rts-gordon,,,,
MDE0Ok1lbnRpb25lZEV2ZW50NDM5ODUwMDkwNQ==,819633131,mentioned,2021-03-02T22:50:20.000000,ritchie46,,,,
MDE1OlN1YnNjcmliZWRFdmVudDQzOTg1MDA5MDc=,819633131,subscribed,2021-03-02T22:50:20.000000,ritchie46,,,,
MDEyOklzc3VlQ29tbWVudDc4OTYxNTc3MQ==,819633131,commented,2021-03-03T10:39:02.000000,ritchie46,,,,
MDEyOklzc3VlQ29tbWVudDc4OTYyMTE1MA==,819633131,commented,2021-03-03T10:47:44.000000,rts-gordon,,,,
MDE0Ok1lbnRpb25lZEV2ZW50NDQwMTI5MjE4Mw==,819633131,mentioned,2021-03-03T10:47:44.000000,ritchie46,,,,
MDE1OlN1YnNjcmliZWRFdmVudDQ0MDEyOTIxODg=,819633131,subscribed,2021-03-03T10:47:44.000000,ritchie46,,,,
MDEyOklzc3VlQ29tbWVudDc5MTE5OTA1OQ==,819633131,commented,2021-03-05T06:51:50.000000,rts-gordon,,,,
MDE0Ok1lbnRpb25lZEV2ZW50NDQxMTkyMjgxMw==,819633131,mentioned,2021-03-05T06:51:50.000000,ritchie46,,,,
MDE1OlN1YnNjcmliZWRFdmVudDQ0MTE5MjI4MTY=,819633131,subscribed,2021-03-05T06:51:50.000000,ritchie46,,,,
MDEyOklzc3VlQ29tbWVudDc5MTIxMTMzMw==,819633131,commented,2021-03-05T07:17:24.000000,ritchie46,,,,
MDEyOklzc3VlQ29tbWVudDc5MTkxODM5Mg==,819633131,commented,2021-03-06T11:24:53.000000,rts-gordon,,,,
MDE0Ok1lbnRpb25lZEV2ZW50NDQxNjc3ODgxNg==,819633131,mentioned,2021-03-06T11:24:53.000000,ritchie46,,,,
MDE1OlN1YnNjcmliZWRFdmVudDQ0MTY3Nzg4MTc=,819633131,subscribed,2021-03-06T11:24:53.000000,ritchie46,,,,
MDEyOklzc3VlQ29tbWVudDc5MTk1MjU3Mg==,819633131,commented,2021-03-06T14:10:05.000000,ritchie46,,,,
MDEyOklzc3VlQ29tbWVudDc5MTk1OTc1NA==,819633131,commented,2021-03-06T14:17:26.000000,ritchie46,,,,
MDEyOklzc3VlQ29tbWVudDc5MjIyNDgxMg==,819633131,commented,2021-03-07T06:16:59.000000,rts-gordon,,,,
MDE0Ok1lbnRpb25lZEV2ZW50NDQxNzY5ODczNg==,819633131,mentioned,2021-03-07T06:17:00.000000,ritchie46,,,,
MDE1OlN1YnNjcmliZWRFdmVudDQ0MTc2OTg3Mzc=,819633131,subscribed,2021-03-07T06:17:00.000000,ritchie46,,,,
MDEyOklzc3VlQ29tbWVudDc5MjIzNDc5OA==,819633131,commented,2021-03-07T07:56:50.000000,ritchie46,,,,
MDExOkNsb3NlZEV2ZW50NDQxNzc1Nzc0MQ==,819633131,closed,2021-03-07T07:56:53.000000,ritchie46,,,,
MDE0Ok1lbnRpb25lZEV2ZW50NDQ1NjU3ODkwNg==,819633131,mentioned,2021-03-15T05:41:18.000000,ritchie46,,,,
MDE1OlN1YnNjcmliZWRFdmVudDQ0NTY1Nzg5MDk=,819633131,subscribed,2021-03-15T05:41:19.000000,ritchie46,,,,
MDEyOklzc3VlQ29tbWVudDc5OTE1ODAwMQ==,831399599,commented,2021-03-15T06:42:04.000000,ritchie46,,,,
MDE3OlJlbmFtZWRUaXRsZUV2ZW50NDQ1Njc3MDkzMw==,831399599,renamed,2021-03-15T06:42:23.000000,ritchie46,,,,
MDE1OlJlZmVyZW5jZWRFdmVudDQ0NTcwNTI4MzY=,831399599,referenced,2021-03-15T07:56:37.000000,ritchie46,,,,
MDExOkNsb3NlZEV2ZW50NDQ1NzI3MTc2Mw==,831399599,closed,2021-03-15T08:42:25.000000,ritchie46,,,,
MDE0Ok1lbnRpb25lZEV2ZW50NDQ1NjYyMDY0MA==,831446058,mentioned,2021-03-15T05:55:18.000000,ritchie46,,,,
MDE1OlN1YnNjcmliZWRFdmVudDQ0NTY2MjA2NDU=,831446058,subscribed,2021-03-15T05:55:19.000000,ritchie46,,,,
MDEyOklzc3VlQ29tbWVudDc5OTMxMDI0OQ==,831446058,commented,2021-03-15T10:35:07.000000,ritchie46,,,,
MDExOkNsb3NlZEV2ZW50NDQ1Nzk1MDA4NA==,831446058,closed,2021-03-15T10:51:49.000000,ritchie46,,,,
MDExOkNsb3NlZEV2ZW50NDQ2MDU0OTAzMQ==,831645019,closed,2021-03-15T18:58:49.000000,ritchie46,,,,
MDE1OlJlZmVyZW5jZWRFdmVudDQ0NjMzMzIwNzM=,832385226,referenced,2021-03-16T09:26:30.000000,ritchie46,,,,
MDE1OlJlZmVyZW5jZWRFdmVudDQ0NjM1MjYxNDY=,832385226,referenced,2021-03-16T10:04:04.000000,ritchie46,,,,
MDEyOklzc3VlQ29tbWVudDgwMDEyMjg3MA==,832385226,commented,2021-03-16T10:04:13.000000,ritchie46,,,,
MDExOkNsb3NlZEV2ZW50NDQ2MzUyNjkwNQ==,832385226,closed,2021-03-16T10:04:13.000000,ritchie46,,,,
MDEyOklzc3VlQ29tbWVudDc5OTUyOTI0NQ==,831940946,commented,2021-03-15T15:51:13.000000,ritchie46,,,,
MDEyOklzc3VlQ29tbWVudDc5OTUzODExMQ==,831940946,commented,2021-03-15T16:02:16.000000,nickray,,,,
MDEyOklzc3VlQ29tbWVudDgwMDUzODI2OA==,831940946,commented,2021-03-16T19:19:12.000000,ritchie46,,,,
MDExOkNsb3NlZEV2ZW50NDQ2OTY2ODM3NA==,831940946,closed,2021-03-17T11:30:56.000000,ritchie46,,,,
MDEyOklzc3VlQ29tbWVudDgwMTA1OTc4OA==,831940946,commented,2021-03-17T12:57:31.000000,nickray,,,,
MDEyOklzc3VlQ29tbWVudDgwMTIzNjY5NQ==,831940946,commented,2021-03-17T16:42:31.000000,ritchie46,,,,
MDEyOklzc3VlQ29tbWVudDc5MDQ0MTk2Mg==,821408703,commented,2021-03-04T08:48:14.000000,ritchie46,,,,
MDEyOklzc3VlQ29tbWVudDc5MDkzNjE4MQ==,821408703,commented,2021-03-04T20:57:23.000000,rubyfin,,,,
MDEyOklzc3VlQ29tbWVudDc5MDk0NTc5Nw==,821408703,commented,2021-03-04T21:11:13.000000,alippai,,,,
MDEyOklzc3VlQ29tbWVudDc5MDk3MDYwNA==,821408703,commented,2021-03-04T21:50:59.000000,rubyfin,,,,
MDEyOklzc3VlQ29tbWVudDc5MTkwOTIwNQ==,821408703,commented,2021-03-06T10:32:26.000000,ritchie46,,,,
MDEyOklzc3VlQ29tbWVudDc5MTk4NzIyMA==,821408703,commented,2021-03-06T16:46:21.000000,rubyfin,,,,
MDEyOkxhYmVsZWRFdmVudDQ0NjEwNzUyNzY=,821408703,labeled,2021-03-15T21:04:54.000000,ritchie46,,,,
MDE1OlJlZmVyZW5jZWRFdmVudDQ0NzA2NDkyNTA=,821408703,referenced,2021-03-17T14:38:07.000000,ritchie46,,,,
MDExOkNsb3NlZEV2ZW50NDQ3MTUyMTI5OQ==,821408703,closed,2021-03-17T17:06:11.000000,ritchie46,,,,
MDExOkNsb3NlZEV2ZW50NDQ4MTUwMzYwMg==,835768119,closed,2021-03-19T10:59:20.000000,ritchie46,,,,
MDExOkNsb3NlZEV2ZW50NDQ4MTUwNDQzNA==,835769692,closed,2021-03-19T10:59:29.000000,ritchie46,,,,
MDEyOklzc3VlQ29tbWVudDgwMjcxMDExNA==,835785971,commented,2021-03-19T10:08:19.000000,r-brink,,,,
MDExOkNsb3NlZEV2ZW50NDQ4MTUwNDk5NQ==,835785971,closed,2021-03-19T10:59:36.000000,ritchie46,,,,
MDExOkNsb3NlZEV2ZW50NDI5MTA2Njg0OQ==,801071849,closed,2021-02-04T14:08:03.000000,ritchie46,,,,
MDEyOklzc3VlQ29tbWVudDgwMjgyODA5NQ==,801071849,commented,2021-03-19T13:21:06.000000,alamb,,,,
MDEyOklzc3VlQ29tbWVudDgwMzIxMDkyOA==,801071849,commented,2021-03-20T00:52:06.000000,elbaro,,,,
MDEyOklzc3VlQ29tbWVudDgwMzI3Njc5MA==,801071849,commented,2021-03-20T09:13:47.000000,ritchie46,,,,
MDEyOklzc3VlQ29tbWVudDgwMzI4MDU0Ng==,801071849,commented,2021-03-20T09:43:24.000000,alamb,,,,
MDEyOkxhYmVsZWRFdmVudDQ0NTU0NjE3NTk=,830257844,labeled,2021-03-14T16:46:48.000000,ritchie46,,,,
MDEyOklzc3VlQ29tbWVudDc5OTY4NTYxNQ==,830257844,commented,2021-03-15T19:17:29.000000,ErikDeSmedt,,,,
MDEyOklzc3VlQ29tbWVudDc5OTczNjQ4MQ==,830257844,commented,2021-03-15T20:40:41.000000,ritchie46,,,,
MDEyOklzc3VlQ29tbWVudDgwMzI3MjE3OQ==,830257844,commented,2021-03-20T08:32:10.000000,ErikDeSmedt,,,,
MDEyOklzc3VlQ29tbWVudDgwMzI3NTg4OQ==,830257844,commented,2021-03-20T09:04:54.000000,ritchie46,,,,
MDE1OlJlZmVyZW5jZWRFdmVudDQ0ODU2MDE0ODU=,830257844,referenced,2021-03-20T13:18:59.000000,ritchie46,,,,
MDExOkNsb3NlZEV2ZW50NDQ4NTYyODQ2OA==,830257844,closed,2021-03-20T13:50:51.000000,ritchie46,,,,
MDE1OlJlZmVyZW5jZWRFdmVudDQ0OTIxMTg3ODQ=,837939334,referenced,2021-03-22T19:24:28.000000,ritchie46,,,,
MDExOkNsb3NlZEV2ZW50NDQ5MjI5OTA5Mw==,837939334,closed,2021-03-22T20:07:37.000000,ritchie46,,,,
MDEyOklzc3VlQ29tbWVudDgwNDYzNjU1Ng==,838163136,commented,2021-03-23T05:49:33.000000,ritchie46,,,,
MDEyOklzc3VlQ29tbWVudDgwNDY3NjA0Ng==,838163136,commented,2021-03-23T07:15:55.000000,romanovacca,,,,
MDEyOklzc3VlQ29tbWVudDgwNDY4MDM1NQ==,838163136,commented,2021-03-23T07:24:35.000000,ritchie46,,,,
MDExOkNsb3NlZEV2ZW50NDQ5NDU2OTA1NA==,838163136,closed,2021-03-23T08:05:05.000000,romanovacca,,,,
MDE1OlJlZmVyZW5jZWRFdmVudDQ0OTUzNDc1MTU=,838163136,referenced,2021-03-23T10:44:27.000000,ritchie46,,,,
MDE1OlJlZmVyZW5jZWRFdmVudDQ0OTU1MDQxMzc=,838163136,referenced,2021-03-23T11:16:16.000000,ritchie46,,,,
MDEyOklzc3VlQ29tbWVudDgwODEyODU0NQ==,841826910,commented,2021-03-26T11:11:15.000000,ritchie46,,,,
MDE1OlJlZmVyZW5jZWRFdmVudDQ1MTM1NjY0MDE=,841826910,referenced,2021-03-26T12:27:47.000000,ritchie46,,,,
MDExOkNsb3NlZEV2ZW50NDUxMzgwOTkzNQ==,841826910,closed,2021-03-26T13:21:29.000000,r-brink,,,,
MDE1OlJlZmVyZW5jZWRFdmVudDQ1MTQ1NTI3Mjg=,841826910,referenced,2021-03-26T15:27:36.000000,ritchie46,,,,
MDE1OlJlZmVyZW5jZWRFdmVudDQ1MTU1Nzc2Mzk=,841826910,referenced,2021-03-26T18:59:01.000000,ritchie46,,,,
MDE1OlJlZmVyZW5jZWRFdmVudDQ1MTQ0NzE5Njc=,841815997,referenced,2021-03-26T15:12:28.000000,ritchie46,,,,
MDE1OlJlZmVyZW5jZWRFdmVudDQ1MTQ1NDgyOTc=,841815997,referenced,2021-03-26T15:26:49.000000,ritchie46,,,,
MDE1OlJlZmVyZW5jZWRFdmVudDQ1MTQ1NTI3MzU=,841815997,referenced,2021-03-26T15:27:36.000000,ritchie46,,,,
MDE1OlJlZmVyZW5jZWRFdmVudDQ1MTQ5MTU5MjI=,841815997,referenced,2021-03-26T16:30:44.000000,ritchie46,,,,
MDE1OlJlZmVyZW5jZWRFdmVudDQ1MTU0MTI0OTg=,841815997,referenced,2021-03-26T18:15:45.000000,ritchie46,,,,
MDExOkNsb3NlZEV2ZW50NDUxNTU3NzY1Ng==,841815997,closed,2021-03-26T18:59:01.000000,ritchie46,,,,
MDE3OlJlbmFtZWRUaXRsZUV2ZW50NDQ4Mjc1MTc3OA==,836076198,renamed,2021-03-19T15:03:22.000000,ritchie46,,,,
MDEyOklzc3VlQ29tbWVudDgwMzI3MDgwOA==,836076198,commented,2021-03-20T08:18:46.000000,ritchie46,,,,
MDEyOklzc3VlQ29tbWVudDgwMzM2MDg2Mg==,836076198,commented,2021-03-20T14:27:53.000000,r-brink,,,,
MDEyOklzc3VlQ29tbWVudDgwNDExMzEwNg==,836076198,commented,2021-03-22T14:37:23.000000,r-brink,,,,
MDEyOklzc3VlQ29tbWVudDgwNDg4Mjc3Nw==,836076198,commented,2021-03-23T12:59:19.000000,ritchie46,,,,
MDE0Ok1lbnRpb25lZEV2ZW50NDQ5NTk5Njk1Mw==,836076198,mentioned,2021-03-23T12:59:19.000000,r-brink,,,,
MDE1OlN1YnNjcmliZWRFdmVudDQ0OTU5OTY5NTc=,836076198,subscribed,2021-03-23T12:59:19.000000,r-brink,,,,
MDEyOklzc3VlQ29tbWVudDgwNDk0NjMzMg==,836076198,commented,2021-03-23T14:25:52.000000,r-brink,,,,
MDExOkNsb3NlZEV2ZW50NDUxNzA4NzYxMw==,836076198,closed,2021-03-27T14:01:51.000000,ritchie46,,,,
MDEyOklzc3VlQ29tbWVudDc5ODU1OTA4Mw==,830924323,commented,2021-03-13T16:04:23.000000,ritchie46,,,,
MDEyOklzc3VlQ29tbWVudDc5ODU3MjI0Nw==,830924323,commented,2021-03-13T16:14:43.000000,haixuanTao,,,,
MDEyOklzc3VlQ29tbWVudDc5ODYwMTcyMw==,830924323,commented,2021-03-13T16:36:16.000000,ritchie46,,,,
MDE1OlJlZmVyZW5jZWRFdmVudDQ1MTcwNTMxNjE=,830924323,referenced,2021-03-27T13:20:22.000000,ritchie46,,,,
MDExOkNsb3NlZEV2ZW50NDUxNzA4NzYxNw==,830924323,closed,2021-03-27T14:01:51.000000,ritchie46,,,,
MDE1OlJlZmVyZW5jZWRFdmVudDQ1MTcwODc2NDk=,830924323,referenced,2021-03-27T14:01:52.000000,ritchie46,,,,
MDEyOklzc3VlQ29tbWVudDgwODc5MDE0MA==,842585141,commented,2021-03-27T19:26:15.000000,ritchie46,,,,
MDEyOklzc3VlQ29tbWVudDgwODc5MDY1Ng==,842585141,commented,2021-03-27T19:30:18.000000,dsaxton,,,,
MDEyOklzc3VlQ29tbWVudDgwODc5Mjk0Mw==,842585141,commented,2021-03-27T19:46:31.000000,ritchie46,,,,
MDEyOklzc3VlQ29tbWVudDgwODc5MzMwOQ==,842585141,commented,2021-03-27T19:49:58.000000,dsaxton,,,,
MDExOkNsb3NlZEV2ZW50NDUxNzUyMDQ1NA==,842585141,closed,2021-03-27T20:34:25.000000,ritchie46,,,,
MDEyOklzc3VlQ29tbWVudDgwODcwNjg5Mw==,842441449,commented,2021-03-27T10:17:21.000000,ErikDeSmedt,,,,
MDEyOklzc3VlQ29tbWVudDgwODcxNjg3OQ==,842441449,commented,2021-03-27T11:25:25.000000,sphinx-none,,,,
MDEyOklzc3VlQ29tbWVudDgwODc2NDUzMQ==,842441449,commented,2021-03-27T17:17:01.000000,dsaxton,,,,
MDEyOklzc3VlQ29tbWVudDgwODc5MTA0MA==,842441449,commented,2021-03-27T19:32:40.000000,ritchie46,,,,
MDE0Ok1lbnRpb25lZEV2ZW50NDUxNzQ3MzE5MQ==,842441449,mentioned,2021-03-27T19:32:40.000000,ErikDeSmedt,,,,
MDE1OlN1YnNjcmliZWRFdmVudDQ1MTc0NzMxOTI=,842441449,subscribed,2021-03-27T19:32:41.000000,ErikDeSmedt,,,,
MDEyOklzc3VlQ29tbWVudDgwODc5MTE3MA==,842441449,commented,2021-03-27T19:33:29.000000,ritchie46,,,,
MDEyOklzc3VlQ29tbWVudDgwODc5MTE4Ng==,842441449,commented,2021-03-27T19:33:39.000000,ritchie46,,,,
MDE0Ok1lbnRpb25lZEV2ZW50NDUxNzQ3Mzg1MQ==,842441449,mentioned,2021-03-27T19:33:39.000000,ErikDeSmedt,,,,
MDE1OlN1YnNjcmliZWRFdmVudDQ1MTc0NzM4NTI=,842441449,subscribed,2021-03-27T19:33:39.000000,ErikDeSmedt,,,,
MDE1OlJlZmVyZW5jZWRFdmVudDQ1MTc5Mzk2MzY=,842441449,referenced,2021-03-28T08:59:55.000000,ritchie46,,,,
MDEyOklzc3VlQ29tbWVudDgwODg2ODQ4OQ==,842441449,commented,2021-03-28T09:04:13.000000,ritchie46,,,,
MDExOkNsb3NlZEV2ZW50NDUxNzk3MTQ4MA==,842441449,closed,2021-03-28T09:49:22.000000,ritchie46,,,,
MDEyOklzc3VlQ29tbWVudDgwODg3NDE3MA==,819091699,commented,2021-03-28T09:59:59.000000,ritchie46,,,,
MDExOkNsb3NlZEV2ZW50NDUxNzk3ODk4Ng==,819091699,closed,2021-03-28T09:59:59.000000,ritchie46,,,,
MDEyOklzc3VlQ29tbWVudDc4NjE0Nzg1OA==,816623859,commented,2021-02-25T19:31:30.000000,ritchie46,,,,
MDE1OlJlZmVyZW5jZWRFdmVudDQzODA0ODYyMDc=,816623859,referenced,2021-02-26T07:48:53.000000,ritchie46,,,,
MDE1OlJlZmVyZW5jZWRFdmVudDQzODA2OTU4ODI=,816623859,referenced,2021-02-26T08:46:07.000000,ritchie46,,,,
MDE1OlJlZmVyZW5jZWRFdmVudDQzOTUxMzA4NTc=,816623859,referenced,2021-03-02T10:53:42.000000,ritchie46,,,,
MDEyOklzc3VlQ29tbWVudDgwODg3NDM4OQ==,816623859,commented,2021-03-28T10:01:25.000000,ritchie46,,,,
MDExOkNsb3NlZEV2ZW50NDUxNzk3OTg4NA==,816623859,closed,2021-03-28T10:01:26.000000,ritchie46,,,,
MDEyOklzc3VlQ29tbWVudDc2MDc2MjQ0MQ==,786716130,commented,2021-01-15T08:55:48.000000,ritchie46,,,,
MDEyOklzc3VlQ29tbWVudDc2MDc4Mjg5OQ==,786716130,commented,2021-01-15T09:36:03.000000,elbaro,,,,
MDEyOklzc3VlQ29tbWVudDgwODg3NDYyNQ==,786716130,commented,2021-03-28T10:03:07.000000,ritchie46,,,,
MDExOkNsb3NlZEV2ZW50NDUxNzk4MTg3Nw==,786716130,closed,2021-03-28T10:03:07.000000,ritchie46,,,,
MDExOkNsb3NlZEV2ZW50NDUxNzk4NjUyMA==,829237594,closed,2021-03-28T10:08:45.000000,ritchie46,,,,
MDEyOklzc3VlQ29tbWVudDgwODk0NTI2OQ==,842793831,commented,2021-03-28T19:18:18.000000,ritchie46,,,,
MDExOkNsb3NlZEV2ZW50NDUyNTQ1MjYzMQ==,842793831,closed,2021-03-30T06:31:17.000000,ritchie46,,,,
MDE1OlJlZmVyZW5jZWRFdmVudDQ1MjU1NDg3ODE=,844002964,referenced,2021-03-30T06:56:05.000000,ritchie46,,,,
MDE1OlJlZmVyZW5jZWRFdmVudDQ1MjU4Nzk5MDQ=,844002964,referenced,2021-03-30T08:04:08.000000,ritchie46,,,,
MDExOkNsb3NlZEV2ZW50NDUyNjA2MzA3Ng==,844002964,closed,2021-03-30T08:38:16.000000,ritchie46,,,,
MDE0Ok1lbnRpb25lZEV2ZW50NDUyNTAwNzQxNw==,844043416,mentioned,2021-03-30T03:57:43.000000,ritchie46,,,,
MDE1OlN1YnNjcmliZWRFdmVudDQ1MjUwMDc0MjA=,844043416,subscribed,2021-03-30T03:57:43.000000,ritchie46,,,,
MDEyOklzc3VlQ29tbWVudDgwOTk1NTkwOQ==,844043416,commented,2021-03-30T06:40:50.000000,ritchie46,,,,
MDE0Ok1lbnRpb25lZEV2ZW50NDUyNTQ4Nzc0MA==,844043416,mentioned,2021-03-30T06:40:50.000000,ritchie46,,,,
MDE1OlN1YnNjcmliZWRFdmVudDQ1MjU0ODc3NDU=,844043416,subscribed,2021-03-30T06:40:51.000000,ritchie46,,,,
MDEyOklzc3VlQ29tbWVudDgxMDQ5MjAyOQ==,844043416,commented,2021-03-30T18:43:54.000000,dsaxton,,,,
MDExOkNsb3NlZEV2ZW50NDUzMjMyODU1MA==,844043416,closed,2021-03-31T06:23:30.000000,ritchie46,,,,
MDEyOklzc3VlQ29tbWVudDcyOTA4MjM4OA==,744886432,commented,2020-11-17T17:29:01.000000,ritchie46,,,,
MDEyOklzc3VlQ29tbWVudDcyOTE2MDM1NA==,744886432,commented,2020-11-17T19:45:52.000000,Dandandan,,,,
MDEyOklzc3VlQ29tbWVudDcyOTU0MzYzMQ==,744886432,commented,2020-11-18T09:13:16.000000,ritchie46,,,,
MDE1OlJlZmVyZW5jZWRFdmVudDQwMTAyNjMzMDc=,744886432,referenced,2020-11-18T11:50:29.000000,ritchie46,,,,
MDE1OlJlZmVyZW5jZWRFdmVudDQwMTA2ODAwMTg=,744886432,referenced,2020-11-18T13:32:05.000000,ritchie46,,,,
MDEyOklzc3VlQ29tbWVudDcyOTcwMjA5OQ==,744886432,commented,2020-11-18T14:09:56.000000,Dandandan,,,,
MDEyOklzc3VlQ29tbWVudDcyOTg2NTc0Mg==,744886432,commented,2020-11-18T18:18:49.000000,Dandandan,,,,
MDEyOklzc3VlQ29tbWVudDcyOTg2Njk1MQ==,744886432,commented,2020-11-18T18:21:00.000000,Dandandan,,,,
MDE1OlJlZmVyZW5jZWRFdmVudDQwMTI4MjU3NjU=,744886432,referenced,2020-11-18T21:26:17.000000,ritchie46,,,,
MDEyOklzc3VlQ29tbWVudDcyOTk2NzkzMA==,744886432,commented,2020-11-18T21:29:58.000000,ritchie46,,,,
MDE1OlJlZmVyZW5jZWRFdmVudDQwMTY5MTIyMTg=,744886432,referenced,2020-11-19T16:59:09.000000,ritchie46,,,,
MDE1OlJlZmVyZW5jZWRFdmVudDQwMTcwNzkxNzI=,744886432,referenced,2020-11-19T17:31:55.000000,ritchie46,,,,
MDEyOklzc3VlQ29tbWVudDczMTgzMDIwNg==,744886432,commented,2020-11-22T19:33:11.000000,marioloko,,,,
MDEyOklzc3VlQ29tbWVudDczMTgzODMyOA==,744886432,commented,2020-11-22T20:01:29.000000,Dandandan,,,,
MDE0Ok1lbnRpb25lZEV2ZW50NDAyNTE5NTM2NA==,744886432,mentioned,2020-11-22T20:01:29.000000,marioloko,,,,
MDE1OlN1YnNjcmliZWRFdmVudDQwMjUxOTUzNjU=,744886432,subscribed,2020-11-22T20:01:29.000000,marioloko,,,,
MDEyOklzc3VlQ29tbWVudDc5ODkwMDAxMA==,744886432,commented,2021-03-14T12:39:06.000000,ritchie46,,,,
MDEyOklzc3VlQ29tbWVudDgxMTA4OTg4Mg==,744886432,commented,2021-03-31T13:57:57.000000,ritchie46,,,,
MDExOkNsb3NlZEV2ZW50NDUzNDkzNjk2OQ==,744886432,closed,2021-03-31T13:57:57.000000,ritchie46,,,,
MDEyOklzc3VlQ29tbWVudDgxMTI5MTgyOQ==,847025507,commented,2021-03-31T17:57:29.000000,ritchie46,,,,
MDE3OlJlbmFtZWRUaXRsZUV2ZW50NDUzNjM3MTEzNA==,847025507,renamed,2021-03-31T17:58:58.000000,ritchie46,,,,
MDEyOklzc3VlQ29tbWVudDgxMTMwMDkwMw==,847025507,commented,2021-03-31T18:11:58.000000,ritchie46,,,,
MDEyOklzc3VlQ29tbWVudDgxMTM1ODc4MQ==,847025507,commented,2021-03-31T19:10:51.000000,dsaxton,,,,
MDEyOklzc3VlQ29tbWVudDgxMTg1OTMzNQ==,847025507,commented,2021-04-01T12:02:22.000000,ritchie46,,,,
MDE1OlJlZmVyZW5jZWRFdmVudDQ1NDA5NzY4MjY=,847025507,referenced,2021-04-01T12:03:45.000000,ritchie46,,,,
MDExOkNsb3NlZEV2ZW50NDU0MTMxNTk0NA==,847025507,closed,2021-04-01T13:18:01.000000,ritchie46,,,,
MDExOkNsb3NlZEV2ZW50NDU0NTQxNzQ4OA==,784957578,closed,2021-04-02T11:37:08.000000,ritchie46,,,,
